Day,Month,Year,tasmax,tasmin,hursmax,hursmin,rss,pr,wss
1,1,2000,15.75,14.33,96.88,94.5,0.69,44.54,15.75
2,1,2000,16.73,13.66,97.62,89.88,1.52,62.77,15.38
3,1,2000,14.89,11.96,93.75,81.37,4.56,4.83,14.5
4,1,2000,14.2,6.89,96.5,72.25,6.04,0.7,8.0
5,1,2000,14.88,4.62,98.75,74.37,7.03,5.22,8.75
6,1,2000,12.45,6.31,98.25,72.25,6.34,11.92,7.88
7,1,2000,13.48,2.06,99.12,64.13,7.71,0.0,2.0
8,1,2000,12.45,1.12,99.5,66.5,7.8,0.0,3.5
9,1,2000,13.64,2.21,98.37,71.38,7.2,0.0,5.13
10,1,2000,15.3,8.25,99.75,80.5,4.66,10.73,7.0
11,1,2000,13.22,4.42,97.5,65.63,7.28,0.03,6.0
12,1,2000,15.51,4.64,97.87,70.5,7.09,1.48,5.0
13,1,2000,14.71,11.45,98.25,92.5,2.56,13.97,10.0
14,1,2000,12.52,5.47,96.63,70.75,7.2,0.57,7.63
15,1,2000,13.25,7.53,94.5,72.62,6.03,2.05,6.63
16,1,2000,13.17,6.94,97.12,85.75,3.26,5.87,8.0
17,1,2000,14.59,8.8,96.13,80.75,6.52,3.19,8.5
18,1,2000,14.54,6.09,98.12,64.0,7.92,0.09,4.0
19,1,2000,15.04,2.91,100.0,74.62,6.93,6.85,6.13
20,1,2000,15.51,5.34,100.0,65.25,8.87,1.09,1.88
21,1,2000,15.08,2.42,100.0,73.25,7.79,0.07,4.5
22,1,2000,16.2,8.11,99.37,78.37,6.11,0.85,10.0
23,1,2000,15.32,14.04,97.37,94.62,0.19,38.98,12.38
24,1,2000,14.96,11.62,97.37,70.0,0.97,49.94,12.75
25,1,2000,13.7,9.5,81.0,66.87,7.53,0.89,10.0
26,1,2000,12.67,2.57,96.38,39.37,9.72,0.0,2.63
27,1,2000,12.3,2.03,86.0,50.37,9.03,0.0,3.75
28,1,2000,13.65,0.75,97.5,69.0,5.03,1.71,7.25
29,1,2000,13.92,4.52,95.37,61.62,9.11,0.0,8.63
30,1,2000,14.65,2.1,98.12,68.0,9.8,0.0,8.5
31,1,2000,14.65,2.1,98.12,68.0,9.8,0.0,8.5
1,2,2000,15.33,2.16,98.62,69.5,10.26,0.0,6.5
2,2,2000,15.49,0.76,99.12,68.75,10.35,0.0,4.13
3,2,2000,15.67,0.05,100.0,71.25,10.34,0.01,4.5
4,2,2000,16.56,1.0,100.0,59.0,9.73,0.09,5.13
5,2,2000,17.04,0.84,100.0,52.38,10.89,0.02,5.75
6,2,2000,13.49,6.04,99.75,96.38,1.36,9.23,5.88
7,2,2000,12.91,3.93,96.88,67.25,9.49,0.49,6.63
8,2,2000,11.66,2.22,75.25,46.63,10.97,0.0,9.0
9,2,2000,9.09,2.63,80.62,64.13,3.83,0.09,13.38
10,2,2000,11.38,-1.19,90.87,42.75,11.59,0.0,8.0
11,2,2000,12.44,-3.19,99.62,51.12,11.64,0.0,7.25
12,2,2000,11.64,3.07,99.75,88.87,1.43,14.6,9.13
13,2,2000,11.04,7.49,98.87,95.5,0.99,8.5,7.0
14,2,2000,12.15,3.99,99.5,84.38,5.83,4.88,6.5
15,2,2000,14.46,4.71,100.0,69.75,9.05,0.2,5.63
16,2,2000,15.92,1.01,100.0,62.75,10.54,0.15,4.75
17,2,2000,12.08,4.36,99.87,92.25,2.25,1.97,7.13
18,2,2000,14.62,10.11,98.62,93.62,2.3,1.51,7.5
19,2,2000,16.99,10.98,98.25,79.37,6.43,0.74,8.5
20,2,2000,14.57,6.56,94.87,64.63,9.23,2.52,10.38
21,2,2000,13.54,5.28,97.37,59.5,10.08,0.44,5.25
22,2,2000,13.04,5.08,98.25,78.62,2.12,27.23,12.75
23,2,2000,14.3,10.17,93.37,70.75,10.49,1.98,11.88
24,2,2000,14.6,7.5,94.12,70.37,9.99,1.25,8.13
25,2,2000,16.36,9.18,96.25,67.0,9.01,0.37,8.75
26,2,2000,14.95,7.12,98.5,77.88,4.87,0.9,5.88
27,2,2000,14.05,12.64,96.25,90.0,1.96,2.45,7.88
28,2,2000,15.46,7.58,91.62,57.75,12.98,0.08,4.5
29,2,2000,16.44,5.07,98.5,57.5,11.84,0.01,5.25
1,3,2000,19.04,7.83,99.5,65.25,10.05,0.04,7.88
2,3,2000,16.57,6.8,99.37,78.62,8.26,5.91,5.0
3,3,2000,15.92,2.4,100.0,53.25,13.24,0.06,5.25
4,3,2000,15.6,5.62,97.62,51.75,14.55,0.9,2.88
5,3,2000,16.14,2.25,98.37,51.63,15.22,0.0,3.5
6,3,2000,18.29,5.26,98.87,49.88,15.48,0.0,7.63
7,3,2000,20.56,6.37,95.12,56.5,15.73,0.0,8.88
8,3,2000,21.9,7.34,96.13,59.25,15.96,0.0,9.38
9,3,2000,22.17,7.98,95.87,58.13,16.16,0.0,8.75
10,3,2000,22.22,10.74,83.88,54.75,16.0,0.0,7.5
11,3,2000,21.42,10.99,77.75,45.75,16.45,0.0,7.63
12,3,2000,22.16,8.86,99.87,50.87,16.38,0.0,3.63
13,3,2000,18.91,8.4,100.0,41.37,16.71,0.03,9.38
14,3,2000,14.65,6.22,69.75,33.75,13.19,0.0,13.38
15,3,2000,14.64,4.54,86.5,37.75,16.96,0.0,12.38
16,3,2000,15.61,4.28,93.25,52.75,16.92,0.02,9.63
17,3,2000,12.93,1.05,79.5,34.87,17.92,0.0,8.38
18,3,2000,15.57,0.62,95.87,41.12,17.73,0.0,8.13
19,3,2000,17.83,2.05,100.0,45.87,17.43,0.0,7.63
20,3,2000,19.17,2.51,100.0,49.5,17.21,0.02,8.25
21,3,2000,16.0,6.08,96.38,52.88,15.09,0.35,8.25
22,3,2000,11.91,5.61,88.62,53.75,14.41,1.99,8.13
23,3,2000,13.78,3.61,99.25,60.87,10.46,5.47,7.0
24,3,2000,15.73,3.33,97.0,43.75,17.63,0.04,7.5
25,3,2000,17.2,6.08,97.62,73.25,10.42,0.99,6.38
26,3,2000,16.03,5.89,99.37,61.12,8.66,0.78,7.0
27,3,2000,13.9,6.03,95.12,52.0,14.4,1.22,7.75
28,3,2000,15.3,5.55,84.13,46.25,19.31,0.0,8.63
29,3,2000,14.81,4.36,78.5,49.63,18.94,0.08,9.63
30,3,2000,14.0,2.91,75.12,43.25,17.69,0.25,10.13
31,3,2000,14.0,2.91,75.12,43.25,17.69,0.25,10.13
1,4,2000,14.73,1.63,88.87,36.12,20.28,0.0,7.88
2,4,2000,16.76,1.24,89.88,36.88,20.14,0.0,3.38
3,4,2000,19.53,4.15,93.0,44.5,19.73,0.0,4.38
4,4,2000,20.4,7.83,92.87,44.12,19.97,0.0,7.75
5,4,2000,22.94,5.4,98.0,46.88,19.95,0.0,7.75
6,4,2000,21.97,11.44,98.0,54.5,18.81,0.0,8.5
7,4,2000,20.33,9.84,98.0,48.75,20.38,0.0,10.5
8,4,2000,20.68,8.45,84.25,39.25,20.71,0.0,12.38
9,4,2000,19.31,7.95,85.0,45.25,20.76,0.0,11.13
10,4,2000,18.61,6.4,80.75,31.87,21.02,0.0,10.5
11,4,2000,19.38,5.54,84.87,36.62,20.99,0.0,9.38
12,4,2000,22.13,4.25,93.37,33.12,21.32,0.0,8.0
13,4,2000,24.77,6.73,98.12,34.5,21.37,0.0,7.63
14,4,2000,25.64,7.02,100.0,40.63,19.76,0.01,10.0
15,4,2000,28.38,9.75,83.75,33.37,21.36,0.0,10.0
16,4,2000,28.66,12.77,83.12,25.5,21.6,0.0,10.0
17,4,2000,28.04,12.95,83.5,30.25,21.69,0.0,9.5
18,4,2000,26.13,12.66,89.88,43.25,20.06,0.29,8.63
19,4,2000,25.19,13.72,97.0,64.0,10.73,7.27,10.0
20,4,2000,27.89,13.75,96.75,50.25,18.4,12.84,11.88
21,4,2000,23.0,11.85,97.37,51.88,10.22,0.03,10.88
22,4,2000,24.88,10.46,91.0,42.0,22.07,0.0,10.5
23,4,2000,23.35,10.34,91.75,41.0,22.65,0.0,10.75
24,4,2000,23.02,9.27,70.25,24.12,23.15,0.0,10.0
25,4,2000,24.29,5.64,73.0,31.0,22.97,0.0,6.63
26,4,2000,20.25,9.8,97.87,61.87,18.35,5.02,4.25
27,4,2000,25.07,9.06,98.0,34.75,23.16,0.02,4.88
28,4,2000,28.15,10.69,88.87,32.0,22.25,0.0,5.0
29,4,2000,28.29,13.96,85.5,36.0,15.03,0.14,7.38
30,4,2000,30.52,16.76,80.5,29.75,22.25,1.42,9.0
1,5,2000,29.84,17.67,65.25,27.88,19.98,0.0,6.25
2,5,2000,27.92,17.23,76.25,32.87,19.94,1.47,4.63
3,5,2000,21.64,13.81,97.62,42.25,8.09,10.11,5.0
4,5,2000,19.85,13.41,98.0,76.0,6.73,22.73,7.13
5,5,2000,17.5,13.66,99.37,91.87,6.39,19.81,7.75
6,5,2000,18.61,12.86,97.87,83.5,10.59,12.25,6.25
7,5,2000,17.94,10.0,96.88,62.75,17.54,3.35,4.5
8,5,2000,21.61,8.28,98.75,53.25,21.3,0.18,4.63
9,5,2000,22.89,9.53,100.0,57.5,20.57,0.03,3.0
10,5,2000,25.93,10.05,100.0,45.25,22.6,0.03,1.75
11,5,2000,30.3,12.47,98.62,38.25,23.83,0.0,2.75
12,5,2000,27.36,14.32,100.0,50.37,19.91,0.07,6.88
13,5,2000,24.16,14.07,81.0,37.62,22.03,0.06,9.25
14,5,2000,30.98,13.23,94.5,32.25,24.54,0.0,3.88
15,5,2000,24.15,15.43,100.0,65.13,9.16,0.29,3.0
16,5,2000,23.42,12.64,100.0,48.62,23.2,0.42,2.5
17,5,2000,19.99,10.26,99.12,67.75,16.57,5.84,4.75
18,5,2000,18.79,8.72,98.75,63.75,18.64,2.81,5.75
19,5,2000,20.13,11.91,99.25,70.25,16.8,6.53,6.75
20,5,2000,19.59,9.84,100.0,68.12,17.54,6.03,6.75
21,5,2000,22.61,8.39,100.0,45.0,19.78,0.67,7.38
22,5,2000,25.22,10.35,98.0,43.38,24.8,0.0,3.88
23,5,2000,23.43,10.68,99.37,46.63,19.57,0.11,4.5
24,5,2000,23.21,12.11,91.12,37.87,25.28,0.03,5.75
25,5,2000,23.23,9.81,96.63,33.63,25.6,0.0,6.0
26,5,2000,22.6,10.11,87.75,36.75,25.23,0.0,4.5
27,5,2000,24.82,9.23,88.5,28.13,25.81,0.0,3.75
28,5,2000,26.73,9.43,77.38,24.62,25.6,0.0,2.13
29,5,2000,26.01,8.75,97.75,35.62,25.29,0.0,6.38
30,5,2000,23.39,11.68,98.87,33.75,25.78,0.0,5.0
31,5,2000,23.39,11.68,98.87,33.75,25.78,0.0,5.0
1,6,2000,25.87,8.13,98.37,35.87,25.2,0.0,2.5
2,6,2000,26.45,9.38,99.37,34.25,25.24,0.0,5.5
3,6,2000,23.89,9.72,99.87,34.62,21.05,0.37,9.0
4,6,2000,23.5,8.73,99.12,38.5,24.42,0.37,11.88
5,6,2000,29.19,12.85,95.25,23.87,25.75,0.0,12.25
6,6,2000,32.65,16.43,47.37,14.25,25.73,0.0,12.75
7,6,2000,35.98,18.6,47.12,11.75,25.88,0.0,12.0
8,6,2000,36.4,16.68,65.38,16.37,25.58,0.0,9.75
9,6,2000,31.74,17.36,67.87,21.63,23.45,0.0,6.5
10,6,2000,33.36,16.0,76.5,28.62,25.12,0.01,6.88
11,6,2000,35.16,17.96,83.0,25.0,25.23,0.0,10.38
12,6,2000,33.83,17.06,79.37,21.12,25.74,0.0,10.5
13,6,2000,30.67,13.22,97.62,28.5,25.9,0.0,7.5
14,6,2000,29.14,14.18,97.87,27.12,20.39,0.34,5.13
15,6,2000,30.17,11.71,98.25,25.62,25.63,0.0,5.25
16,6,2000,28.4,12.54,96.75,28.75,26.3,0.0,6.88
17,6,2000,29.04,13.57,98.5,31.0,23.98,0.04,7.13
18,6,2000,30.02,12.37,98.5,28.25,25.14,0.0,5.75
19,6,2000,24.87,13.3,99.0,53.62,13.52,0.18,7.63
20,6,2000,25.34,15.0,90.87,48.25,15.14,0.77,9.38
21,6,2000,28.27,13.48,93.75,31.0,25.7,0.0,8.38
22,6,2000,31.55,15.56,90.25,33.0,24.22,1.08,8.88
23,6,2000,29.94,15.65,94.87,38.37,20.26,3.42,7.88
24,6,2000,27.99,16.32,94.75,49.25,20.65,3.47,9.5
25,6,2000,17.94,15.29,99.25,94.25,2.16,9.29,8.88
26,6,2000,21.64,15.93,99.62,79.37,9.07,12.15,9.0
27,6,2000,21.13,13.89,99.62,65.0,5.26,0.86,5.38
28,6,2000,26.21,10.72,99.5,40.63,25.3,0.0,6.25
29,6,2000,23.84,15.59,98.5,62.75,11.69,4.73,6.25
30,6,2000,25.71,15.17,98.62,51.0,19.29,3.6,6.38
1,7,2000,26.3,13.16,98.5,44.87,25.22,0.0,8.13
2,7,2000,31.71,15.38,88.5,31.87,25.34,0.0,9.88
3,7,2000,34.37,18.89,69.12,27.75,25.28,0.0,10.13
4,7,2000,34.18,17.25,87.87,26.62,25.6,0.0,8.5
5,7,2000,30.32,16.03,79.37,35.25,25.36,0.0,8.38
6,7,2000,32.06,16.88,86.37,29.75,25.42,0.0,7.88
7,7,2000,28.88,16.07,92.5,40.13,25.26,0.0,7.5
8,7,2000,28.0,14.47,94.37,32.5,24.66,0.01,5.5
9,7,2000,28.03,14.46,88.0,29.75,25.36,0.0,4.13
10,7,2000,31.33,14.97,88.5,28.5,25.2,0.0,3.5
11,7,2000,31.53,16.59,85.62,29.5,25.19,0.0,3.0
12,7,2000,31.16,14.5,97.37,31.25,25.18,0.0,5.38
13,7,2000,31.76,15.07,97.75,31.62,24.96,0.01,6.0
14,7,2000,27.05,15.53,96.88,43.0,22.32,0.25,5.5
15,7,2000,29.56,14.42,94.12,34.75,24.86,0.0,4.75
16,7,2000,32.02,16.47,98.0,33.12,22.56,0.05,5.75
17,7,2000,28.9,15.28,98.0,35.25,23.32,0.02,7.88
18,7,2000,30.58,13.93,97.75,25.62,24.96,0.0,9.13
19,7,2000,36.27,17.86,51.0,10.75,25.21,0.0,9.0
20,7,2000,35.91,17.51,78.37,17.0,24.82,0.0,7.13
21,7,2000,31.47,16.62,92.62,33.37,24.32,0.0,5.38
22,7,2000,29.35,16.31,98.75,34.25,22.38,0.05,5.25
23,7,2000,29.68,15.22,98.25,34.75,22.77,0.02,6.0
24,7,2000,29.34,15.02,97.5,36.0,24.16,0.0,6.38
25,7,2000,30.53,14.99,98.12,28.37,23.89,0.0,8.38
26,7,2000,40.73,16.85,68.5,13.0,24.28,0.66,9.38
27,7,2000,37.05,17.81,87.87,24.62,23.66,0.11,7.13
28,7,2000,31.88,15.83,96.5,30.5,23.91,0.0,5.5
29,7,2000,29.75,17.05,97.25,36.12,21.43,0.03,6.5
30,7,2000,37.09,17.23,73.5,15.0,24.16,0.0,7.13
31,7,2000,37.09,17.23,73.5,15.0,24.16,0.0,7.13
1,8,2000,38.37,17.94,67.0,14.37,23.94,0.0,6.88
2,8,2000,33.07,15.53,95.5,26.87,24.13,0.0,5.75
3,8,2000,29.74,15.81,97.12,33.75,16.76,0.31,6.0
4,8,2000,30.85,15.54,95.62,29.25,22.45,0.01,6.63
5,8,2000,35.55,16.31,86.0,16.37,23.63,0.0,8.13
6,8,2000,37.27,17.21,60.12,12.75,23.66,0.0,9.75
7,8,2000,39.01,18.77,75.37,11.87,23.45,0.0,10.0
8,8,2000,34.57,18.43,79.62,16.5,23.56,0.0,10.38
9,8,2000,33.39,18.54,52.0,13.12,23.43,0.0,11.0
10,8,2000,34.79,17.52,42.0,12.37,23.41,0.0,11.13
11,8,2000,37.68,18.77,41.62,10.25,23.12,0.0,9.63
12,8,2000,39.84,20.42,37.0,10.37,22.94,0.0,7.88
13,8,2000,40.41,18.84,46.0,11.87,22.69,0.0,6.5
14,8,2000,38.96,18.95,51.25,13.5,22.4,0.0,6.5
15,8,2000,37.94,22.05,64.0,18.87,19.35,0.0,6.5
16,8,2000,31.21,16.95,88.62,26.37,22.3,0.0,5.0
17,8,2000,30.76,14.8,97.87,25.37,22.2,0.0,2.63
18,8,2000,31.58,14.91,97.12,34.38,21.61,0.0,3.13
19,8,2000,29.66,14.62,98.5,29.25,21.87,0.0,3.88
20,8,2000,27.99,13.69,99.0,30.25,20.88,0.0,4.75
21,8,2000,29.25,13.27,97.75,29.0,21.58,0.0,4.5
22,8,2000,28.27,14.54,96.63,32.0,21.25,0.0,5.5
23,8,2000,28.63,12.68,97.0,26.62,21.59,0.0,5.0
24,8,2000,31.15,13.2,89.0,22.5,21.19,0.0,3.0
25,8,2000,34.78,16.79,97.37,25.62,20.78,0.0,2.5
26,8,2000,37.25,17.2,72.75,15.75,21.17,0.0,1.38
27,8,2000,37.83,15.21,87.87,14.0,20.96,0.01,3.25
28,8,2000,30.73,18.98,77.63,37.0,13.37,0.15,6.88
29,8,2000,32.93,16.56,80.5,19.75,21.06,0.0,9.0
30,8,2000,33.7,14.67,97.12,22.0,20.93,0.0,7.63
31,8,2000,33.7,14.67,97.12,22.0,20.93,0.0,7.63
1,9,2000,35.22,13.95,96.5,19.0,20.74,0.0,7.0
2,9,2000,36.03,15.03,81.75,16.12,19.89,0.0,7.5
3,9,2000,31.56,15.97,83.5,24.62,20.29,0.0,8.13
4,9,2000,28.07,15.1,97.0,30.75,20.33,0.0,9.0
5,9,2000,29.45,14.43,73.5,27.25,20.0,0.0,6.5
6,9,2000,29.06,14.6,91.25,25.37,17.25,0.0,2.25
7,9,2000,30.37,13.2,96.5,37.87,18.65,0.0,4.13
8,9,2000,31.22,18.4,99.25,40.13,15.37,0.09,2.88
9,9,2000,32.63,16.34,89.88,23.87,18.6,0.0,2.88
10,9,2000,29.78,15.4,90.87,26.87,13.34,0.02,2.63
11,9,2000,29.17,16.54,97.87,26.37,18.93,0.0,6.25
12,9,2000,35.03,13.94,83.25,18.75,18.87,0.0,8.5
13,9,2000,36.77,15.19,68.5,15.12,18.45,0.0,9.5
14,9,2000,38.4,18.0,59.5,20.87,18.17,0.0,9.63
15,9,2000,36.88,22.61,74.25,26.5,17.09,0.71,9.13
16,9,2000,36.71,18.3,91.12,21.25,17.88,0.0,8.13
17,9,2000,37.1,19.67,75.37,19.12,17.69,0.0,8.0
18,9,2000,37.85,20.34,82.0,16.88,17.37,0.0,7.75
19,9,2000,39.28,22.94,45.75,14.87,17.37,0.0,6.88
20,9,2000,35.84,20.36,96.13,26.87,16.4,0.9,6.88
21,9,2000,28.35,18.02,99.25,44.87,11.38,0.22,4.5
22,9,2000,27.76,16.65,98.62,48.75,11.06,0.22,4.88
23,9,2000,30.14,17.15,98.62,39.5,12.18,0.21,5.25
24,9,2000,31.49,14.45,91.5,29.25,16.59,0.02,3.25
25,9,2000,28.7,13.84,100.0,35.75,16.03,0.01,2.5
26,9,2000,26.23,14.95,98.37,40.38,10.04,0.37,3.88
27,9,2000,29.57,11.61,99.37,36.37,16.04,0.0,5.5
28,9,2000,34.72,15.9,73.75,18.0,16.2,0.0,6.88
29,9,2000,34.87,19.42,100.0,26.87,15.39,3.01,4.75
30,9,2000,33.52,18.22,100.0,27.5,15.44,0.02,3.75
1,10,2000,32.25,17.56,88.37,25.12,15.49,0.0,3.38
2,10,2000,32.51,17.59,85.75,17.5,15.3,0.0,2.75
3,10,2000,30.77,16.51,86.25,29.5,14.51,0.75,5.5
4,10,2000,26.64,17.43,94.0,45.62,9.65,1.54,11.88
5,10,2000,31.98,15.28,83.12,12.5,14.82,0.0,13.13
6,10,2000,31.0,15.92,46.25,15.38,15.0,0.0,12.13
7,10,2000,31.65,16.6,54.12,16.37,14.73,0.0,10.38
8,10,2000,31.49,13.94,58.75,18.75,13.56,0.0,9.38
9,10,2000,31.49,18.46,76.62,30.63,14.04,0.0,9.63
10,10,2000,32.64,16.19,62.87,9.38,14.42,0.0,8.13
11,10,2000,33.52,12.09,46.88,9.5,14.44,0.0,8.5
12,10,2000,32.77,14.56,41.12,12.37,14.18,0.0,7.63
13,10,2000,32.04,9.05,82.25,15.5,14.03,0.0,7.38
14,10,2000,28.97,8.87,100.0,25.0,12.93,0.02,6.88
15,10,2000,28.6,13.32,98.12,28.5,11.38,0.0,6.25
16,10,2000,30.57,11.97,97.37,24.0,13.15,0.11,5.0
17,10,2000,29.9,14.84,84.25,28.62,12.36,0.18,3.38
18,10,2000,29.04,13.79,92.25,26.0,10.78,0.65,2.75
19,10,2000,26.41,14.94,99.5,45.62,9.27,2.57,2.63
20,10,2000,23.92,14.32,99.0,49.88,9.08,0.4,4.38
21,10,2000,24.43,11.94,100.0,51.5,8.49,0.63,6.38
22,10,2000,22.89,13.96,98.62,51.63,10.75,6.67,5.5
23,10,2000,23.01,11.1,99.37,37.62,12.14,0.0,4.75
24,10,2000,24.83,7.24,99.62,30.75,11.78,0.01,11.63
25,10,2000,19.09,14.65,99.25,70.25,2.87,21.26,9.5
26,10,2000,20.1,13.54,100.0,58.25,7.77,0.04,7.0
27,10,2000,21.81,10.49,99.0,50.62,11.47,0.37,8.63
28,10,2000,20.84,14.68,95.12,68.25,7.65,2.02,10.0
29,10,2000,21.0,15.35,91.25,61.37,6.54,2.11,9.13
30,10,2000,17.2,15.8,98.5,80.5,0.51,32.85,5.38
31,10,2000,17.2,15.8,98.5,80.5,0.51,32.85,5.38
1,11,2000,16.07,12.56,99.62,93.5,1.44,6.93,7.25
2,11,2000,18.4,9.35,100.0,71.75,8.33,5.87,10.25
3,11,2000,19.84,9.99,99.5,62.75,10.78,0.26,5.0
4,11,2000,17.08,8.22,100.0,82.0,4.79,0.08,9.38
5,11,2000,15.39,10.3,100.0,93.12,1.72,2.31,5.5
6,11,2000,17.51,7.43,99.75,69.37,8.65,0.01,3.63
7,11,2000,15.76,6.77,100.0,80.5,3.09,11.47,8.0
8,11,2000,16.47,8.29,98.87,81.87,8.03,1.87,6.25
9,11,2000,16.52,4.61,100.0,72.0,7.54,0.06,8.13
10,11,2000,15.75,11.5,99.75,84.62,0.85,10.15,4.0
11,11,2000,17.97,12.89,100.0,87.87,5.02,0.1,6.13
12,11,2000,19.16,13.0,100.0,90.75,4.57,21.32,9.25
13,11,2000,14.65,10.32,96.63,75.5,7.6,3.14,10.5
14,11,2000,16.54,7.71,95.37,71.5,4.8,2.48,7.25
15,11,2000,19.22,15.89,97.12,77.13,5.61,6.63,11.63
16,11,2000,16.75,12.33,97.0,67.25,5.6,8.93,14.75
17,11,2000,15.51,10.5,88.62,70.25,8.91,2.29,13.88
18,11,2000,13.95,11.13,98.75,87.75,1.27,2.54,12.88
19,11,2000,16.1,9.37,98.75,64.63,7.77,1.05,6.13
20,11,2000,17.19,8.61,99.0,89.63,0.23,28.31,13.5
21,11,2000,17.76,13.61,98.62,94.75,1.52,21.36,10.13
22,11,2000,16.18,9.64,99.37,81.62,7.57,0.97,9.0
23,11,2000,14.86,9.81,98.25,83.5,6.26,9.21,11.75
24,11,2000,15.83,8.19,97.37,71.13,6.13,14.32,11.38
25,11,2000,18.07,13.25,99.12,88.75,5.96,2.13,9.75
26,11,2000,15.05,10.71,97.25,83.0,4.05,9.82,12.63
27,11,2000,16.03,10.05,98.0,74.37,6.16,10.43,10.75
28,11,2000,19.11,13.77,99.12,96.63,1.47,21.75,10.38
29,11,2000,18.87,15.38,99.12,96.63,1.1,9.27,6.88
30,11,2000,15.23,11.74,100.0,95.5,0.51,13.83,2.5
1,12,2000,15.13,9.58,99.25,86.5,5.66,1.58,7.38
2,12,2000,15.31,7.61,96.75,65.75,7.33,0.02,3.88
3,12,2000,16.77,7.68,99.37,75.37,6.66,0.0,4.38
4,12,2000,15.45,6.69,100.0,85.37,3.59,0.35,3.0
5,12,2000,15.88,14.35,98.5,94.5,0.92,1.3,2.63
6,12,2000,15.27,13.43,95.37,89.5,2.07,0.82,4.38
7,12,2000,16.56,11.71,97.25,91.75,1.89,0.63,3.13
8,12,2000,14.93,6.56,96.5,66.37,7.81,0.0,6.0
9,12,2000,13.83,3.61,98.25,69.5,6.09,0.0,4.75
10,12,2000,14.67,4.96,99.25,78.13,5.36,0.0,3.25
11,12,2000,17.32,8.38,99.75,80.75,6.26,0.02,4.25
12,12,2000,14.62,4.02,99.25,71.25,7.56,0.0,5.75
13,12,2000,13.51,1.99,100.0,72.5,6.75,0.04,6.25
14,12,2000,16.43,4.96,99.25,82.12,5.51,3.86,5.63
15,12,2000,15.57,7.49,98.75,75.0,6.69,5.62,3.75
16,12,2000,14.91,6.03,99.5,85.37,3.6,0.42,6.0
17,12,2000,15.62,13.22,98.62,89.25,2.33,2.15,7.13
18,12,2000,15.86,12.34,98.75,83.12,3.29,8.72,6.5
19,12,2000,17.06,14.11,98.12,80.62,5.04,2.95,7.63
20,12,2000,16.2,13.01,98.12,94.12,0.23,13.2,7.25
21,12,2000,14.75,9.6,94.5,67.5,6.26,0.12,4.13
22,12,2000,14.4,5.37,98.12,64.38,6.77,0.01,5.13
23,12,2000,14.24,3.2,99.75,72.37,6.79,0.0,7.63
24,12,2000,15.82,4.26,99.25,75.75,7.46,0.0,7.0
25,12,2000,14.48,6.01,99.25,80.0,3.74,0.11,6.63
26,12,2000,14.26,6.65,98.62,75.75,6.5,0.55,9.88
27,12,2000,12.65,2.64,99.87,74.62,6.17,0.87,9.13
28,12,2000,12.0,1.2,100.0,78.5,6.28,0.48,9.5
29,12,2000,14.08,4.54,98.37,94.87,1.25,12.97,10.63
30,12,2000,14.97,10.75,95.87,72.62,5.02,7.97,11.75
31,12,2000,14.97,10.75,95.87,72.62,5.02,7.97,11.75
1,1,2001,13.23,9.08,84.75,66.75,5.68,0.39,9.5
2,1,2001,13.79,7.79,98.25,71.88,6.35,0.48,6.38
3,1,2001,15.63,8.49,98.25,96.38,0.68,19.51,8.5
4,1,2001,15.86,13.48,98.12,93.0,2.06,13.74,8.63
5,1,2001,14.78,9.28,97.5,85.75,5.71,5.7,6.0
6,1,2001,14.85,13.31,96.13,88.5,1.5,5.84,7.63
7,1,2001,15.81,14.21,97.87,92.87,0.56,3.47,7.5
8,1,2001,15.64,10.89,100.0,95.12,1.4,1.02,6.5
9,1,2001,15.29,11.18,100.0,92.37,2.83,0.44,6.0
10,1,2001,15.02,6.22,98.5,65.38,7.7,0.36,3.75
11,1,2001,13.37,6.86,98.62,91.25,0.55,10.89,8.38
12,1,2001,10.7,8.57,99.12,94.87,0.33,12.25,12.88
13,1,2001,14.48,8.74,98.5,91.62,3.43,6.5,8.63
14,1,2001,14.57,9.53,96.0,90.63,2.96,0.99,9.25
15,1,2001,12.92,7.45,95.75,79.5,5.86,2.04,12.25
16,1,2001,13.19,7.34,83.75,68.5,7.0,0.43,6.75
17,1,2001,15.03,8.34,99.5,80.5,3.71,13.48,13.13
18,1,2001,16.31,11.24,99.25,93.12,0.7,13.96,12.25
19,1,2001,15.58,11.21,95.25,90.0,4.38,13.32,14.25
20,1,2001,12.67,8.7,93.62,79.25,6.98,1.62,14.5
21,1,2001,12.73,8.63,84.13,65.38,8.46,0.77,10.5
22,1,2001,14.23,7.78,99.12,77.0,6.99,7.29,7.25
23,1,2001,14.34,7.3,96.75,65.75,8.08,0.22,4.5
24,1,2001,11.91,3.47,99.87,77.0,3.44,1.42,5.88
25,1,2001,10.16,8.09,98.25,92.37,0.52,11.69,7.13
26,1,2001,15.16,9.13,96.5,76.37,4.62,0.13,8.88
27,1,2001,15.6,13.28,94.37,61.0,1.74,0.19,8.25
28,1,2001,13.64,12.45,97.75,83.88,0.5,13.07,8.5
29,1,2001,16.04,8.64,97.87,82.37,4.3,18.49,6.5
30,1,2001,14.73,5.66,98.37,64.25,8.96,0.18,4.0
31,1,2001,14.73,5.66,98.37,64.25,8.96,0.18,4.0
1,2,2001,14.31,2.06,100.0,65.0,9.99,0.0,7.38
2,2,2001,14.95,3.76,92.5,49.63,8.76,0.04,4.5
3,2,2001,12.73,6.91,96.0,87.87,1.23,4.79,4.5
4,2,2001,13.28,3.25,96.5,62.5,9.43,0.02,10.75
5,2,2001,13.59,2.94,96.38,58.25,9.86,0.01,9.63
6,2,2001,13.7,4.84,96.13,55.0,10.76,0.0,8.5
7,2,2001,12.44,4.05,92.25,67.12,8.91,1.2,10.0
8,2,2001,9.48,3.79,94.0,68.12,8.72,1.97,10.63
9,2,2001,9.82,2.72,95.25,68.62,4.92,0.76,11.25
10,2,2001,9.15,2.53,96.75,54.62,9.67,0.59,12.5
11,2,2001,10.0,1.61,97.0,68.87,8.94,1.84,11.13
12,2,2001,12.74,4.42,96.25,62.12,9.54,0.6,8.0
13,2,2001,13.15,2.72,98.5,77.25,9.67,2.07,6.38
14,2,2001,11.79,6.46,94.25,72.25,8.88,1.83,8.5
15,2,2001,13.95,3.45,97.0,60.5,10.99,0.14,3.75
16,2,2001,13.67,1.25,99.5,54.12,9.29,0.0,6.63
17,2,2001,16.61,3.18,92.37,56.0,11.99,0.0,6.13
18,2,2001,19.01,6.46,89.75,56.75,12.0,0.07,5.38
19,2,2001,17.42,11.88,98.37,79.75,6.56,9.66,7.75
20,2,2001,16.29,7.81,98.87,75.87,9.05,1.91,3.5
21,2,2001,16.92,3.93,99.5,57.37,12.47,0.0,4.38
22,2,2001,17.9,5.53,100.0,76.88,11.03,0.04,5.13
23,2,2001,20.37,6.84,100.0,68.25,12.64,0.0,5.63
24,2,2001,18.52,11.78,99.25,82.5,4.94,0.14,8.38
25,2,2001,21.64,13.13,96.63,55.87,13.08,0.59,10.63
26,2,2001,16.91,10.06,98.37,64.63,11.63,0.92,7.25
27,2,2001,15.28,8.2,98.87,81.37,8.81,3.29,7.25
28,2,2001,14.93,7.53,97.75,84.62,7.98,7.02,8.25
1,3,2001,17.85,7.44,99.0,52.75,11.06,0.19,7.0
2,3,2001,15.88,9.92,99.25,82.62,7.31,5.76,9.75
3,3,2001,15.67,12.93,97.75,90.87,4.29,6.09,9.5
4,3,2001,15.01,13.86,98.37,96.88,0.96,6.94,7.75
5,3,2001,19.75,10.79,100.0,75.0,9.94,0.03,4.13
6,3,2001,22.5,10.22,100.0,58.25,14.52,0.05,6.5
7,3,2001,20.02,8.04,99.25,61.75,15.29,0.0,5.75
8,3,2001,18.54,9.09,99.5,61.62,9.85,0.14,3.38
9,3,2001,22.2,6.89,100.0,58.13,15.54,0.0,3.38
10,3,2001,24.94,11.58,100.0,62.5,12.83,0.02,3.75
11,3,2001,20.64,14.29,95.62,70.5,5.01,0.85,5.38
12,3,2001,22.0,12.51,98.12,61.75,11.55,0.16,11.5
13,3,2001,24.05,10.76,98.0,58.75,16.04,0.01,11.88
14,3,2001,23.57,11.76,100.0,56.25,15.84,0.03,13.13
15,3,2001,22.31,12.82,85.37,49.37,16.37,0.44,7.13
16,3,2001,23.73,12.97,98.0,52.25,12.12,2.09,4.88
17,3,2001,20.0,8.06,100.0,66.37,12.95,0.04,6.5
18,3,2001,18.5,9.14,98.62,58.63,13.11,0.1,9.25
19,3,2001,16.92,7.3,87.0,49.5,17.93,0.0,10.13
20,3,2001,18.29,6.63,88.25,49.75,17.8,0.0,9.0
21,3,2001,20.39,5.94,96.88,53.75,17.75,0.0,7.25
22,3,2001,21.17,6.56,84.25,49.12,17.69,0.0,5.5
23,3,2001,16.06,8.27,98.37,48.37,11.96,0.34,9.63
24,3,2001,16.46,8.54,88.87,54.87,17.32,0.15,10.38
25,3,2001,16.96,5.31,95.0,48.25,18.55,0.0,8.5
26,3,2001,18.0,5.71,98.0,58.38,16.94,0.0,8.25
27,3,2001,19.39,8.67,98.62,60.87,18.24,0.0,8.5
28,3,2001,19.61,7.68,98.0,59.0,19.0,0.0,8.25
29,3,2001,19.94,7.32,98.12,58.0,19.18,0.0,6.63
30,3,2001,18.43,7.91,98.62,51.63,18.25,0.03,3.63
31,3,2001,18.43,7.91,98.62,51.63,18.25,0.03,3.63
1,4,2001,18.49,5.04,96.88,48.5,19.63,0.0,5.75
2,4,2001,18.52,2.79,99.87,51.75,12.79,0.0,10.63
3,4,2001,16.94,10.73,98.12,86.62,3.35,6.02,7.38
4,4,2001,18.34,8.1,98.5,52.0,16.19,0.94,8.0
5,4,2001,17.68,5.97,99.12,62.12,17.08,1.81,8.13
6,4,2001,15.84,7.14,97.0,55.25,16.7,1.23,6.75
7,4,2001,17.56,8.27,96.63,51.0,18.93,0.09,6.5
8,4,2001,14.78,6.66,97.37,44.62,17.34,0.59,10.0
9,4,2001,15.16,4.19,84.25,40.5,20.33,0.13,12.38
10,4,2001,15.15,4.05,71.25,34.5,20.18,0.0,10.25
11,4,2001,16.41,2.32,77.5,41.75,21.24,0.0,6.63
12,4,2001,16.54,7.85,99.25,72.75,8.23,0.62,3.88
13,4,2001,20.35,8.32,99.75,54.87,15.0,0.09,2.38
14,4,2001,17.18,9.74,99.62,73.37,6.25,0.39,3.5
15,4,2001,20.38,10.79,99.37,57.75,15.06,0.31,4.75
16,4,2001,23.13,7.72,98.0,50.75,21.6,0.0,4.38
17,4,2001,19.97,7.3,99.0,50.87,13.23,0.02,5.75
18,4,2001,21.85,10.46,98.75,38.25,22.21,0.02,9.13
19,4,2001,25.4,11.05,79.5,45.25,20.81,0.5,10.13
20,4,2001,25.69,11.48,79.75,23.38,22.08,0.0,8.75
21,4,2001,26.94,10.16,73.0,26.0,22.76,0.0,7.88
22,4,2001,25.84,8.61,89.75,31.5,22.71,0.0,10.25
23,4,2001,21.22,9.18,97.12,33.5,22.96,0.0,9.75
24,4,2001,21.73,7.16,97.37,32.75,22.86,0.17,8.5
25,4,2001,18.18,7.55,91.25,30.0,23.29,0.0,7.25
26,4,2001,19.08,5.44,96.38,32.5,23.11,0.0,3.75
27,4,2001,16.92,2.88,98.62,44.62,17.84,2.57,4.5
28,4,2001,18.63,2.44,100.0,42.37,19.66,0.66,2.38
29,4,2001,18.58,1.85,100.0,41.87,18.96,1.5,6.38
30,4,2001,20.16,6.31,100.0,38.25,22.13,0.15,3.13
1,5,2001,19.21,5.17,99.62,42.12,18.59,0.54,4.75
2,5,2001,18.79,7.12,96.88,45.12,21.39,0.45,7.75
3,5,2001,19.8,10.04,91.62,41.87,20.2,0.16,6.88
4,5,2001,19.46,7.78,97.12,41.5,18.82,0.34,6.5
5,5,2001,16.51,8.1,99.12,71.63,9.79,6.04,8.25
6,5,2001,20.86,8.33,96.75,38.62,24.12,0.0,3.88
7,5,2001,20.14,5.99,97.75,42.62,17.75,0.0,4.63
8,5,2001,19.46,9.12,98.75,32.12,20.38,0.62,7.25
9,5,2001,19.68,5.96,95.87,35.62,23.47,0.03,4.5
10,5,2001,20.52,4.26,98.12,43.75,18.22,0.15,3.38
11,5,2001,25.76,6.02,99.87,28.62,18.74,0.05,7.88
12,5,2001,28.45,9.25,93.87,33.5,20.32,0.24,7.75
13,5,2001,24.41,12.48,99.25,48.87,13.11,1.17,3.75
14,5,2001,26.82,10.87,82.5,27.88,24.39,0.0,4.75
15,5,2001,24.27,10.93,94.5,31.37,22.8,1.14,3.88
16,5,2001,22.04,9.95,98.0,38.12,21.04,1.81,7.13
17,5,2001,25.75,6.87,100.0,28.13,24.03,0.0,2.13
18,5,2001,31.38,13.13,73.62,19.62,21.22,0.01,4.5
19,5,2001,25.52,9.06,97.0,28.13,24.99,0.0,6.0
20,5,2001,22.93,11.23,98.87,27.75,24.89,0.0,6.38
21,5,2001,22.45,8.98,91.37,30.37,25.46,0.0,6.63
22,5,2001,26.61,9.09,84.87,21.12,25.38,0.0,8.38
23,5,2001,29.6,12.8,89.37,26.5,25.12,0.0,9.25
24,5,2001,31.99,13.06,90.87,25.87,25.02,0.0,10.63
25,5,2001,35.58,19.58,45.75,14.62,25.09,0.0,10.0
26,5,2001,36.87,22.83,41.25,13.12,23.81,0.0,7.5
27,5,2001,35.26,19.3,75.5,13.0,19.25,0.93,8.25
28,5,2001,31.15,17.49,96.38,26.5,22.23,7.41,12.5
29,5,2001,25.31,16.86,97.0,58.5,18.27,21.93,12.5
30,5,2001,30.97,16.29,85.37,31.75,24.92,0.0,10.88
31,5,2001,30.97,16.29,85.37,31.75,24.92,0.0,10.88
1,6,2001,34.92,17.58,78.37,24.88,24.97,0.0,10.38
2,6,2001,37.74,19.87,74.25,22.5,24.92,0.0,10.63
3,6,2001,38.38,20.49,63.5,20.0,23.49,1.46,10.5
4,6,2001,41.16,19.6,71.75,22.75,21.69,2.46,8.25
5,6,2001,45.96,20.22,81.37,15.75,24.89,1.26,5.75
6,6,2001,34.56,19.57,71.5,21.0,17.79,0.02,5.88
7,6,2001,37.12,18.74,74.25,15.12,20.97,0.78,6.5
8,6,2001,35.26,19.47,87.75,21.0,18.92,1.25,8.25
9,6,2001,23.21,12.66,90.25,38.0,25.44,0.01,8.5
10,6,2001,23.8,9.83,84.5,25.75,26.32,0.0,5.5
11,6,2001,23.68,7.85,97.87,28.62,26.13,0.0,5.25
12,6,2001,24.35,8.31,97.62,27.5,26.06,0.0,5.63
13,6,2001,23.17,7.28,98.25,33.12,16.55,2.51,8.63
14,6,2001,22.34,11.94,98.0,30.75,25.83,1.88,7.5
15,6,2001,23.48,9.35,96.88,29.87,25.8,0.02,5.5
16,6,2001,24.0,11.26,97.37,41.12,20.92,0.0,7.75
17,6,2001,24.45,12.15,88.75,34.38,25.87,0.0,9.0
18,6,2001,26.27,12.39,97.62,34.75,25.63,0.0,7.38
19,6,2001,25.37,11.73,97.37,34.25,25.64,0.0,7.25
20,6,2001,22.62,10.45,92.87,30.88,26.09,0.05,7.5
21,6,2001,23.05,11.37,96.38,33.88,26.01,0.87,7.88
22,6,2001,23.08,9.78,98.62,43.75,19.75,2.35,9.25
23,6,2001,25.0,12.92,96.75,29.87,25.98,0.0,10.13
24,6,2001,24.83,13.15,97.87,36.5,18.15,0.0,6.0
25,6,2001,26.18,13.09,98.62,37.25,22.69,0.04,5.25
26,6,2001,27.32,15.82,95.25,39.75,23.87,0.07,4.88
27,6,2001,28.83,14.84,98.75,35.87,22.97,0.06,4.25
28,6,2001,29.02,14.04,96.75,30.37,25.91,0.0,3.38
29,6,2001,29.53,13.17,96.63,30.0,25.64,0.0,2.38
30,6,2001,29.76,13.07,96.38,26.5,25.08,0.0,3.5
1,7,2001,28.41,12.95,96.75,30.0,25.3,0.0,5.38
2,7,2001,27.65,12.26,99.25,27.88,25.49,0.0,3.63
3,7,2001,29.88,12.0,99.25,30.12,24.71,0.0,6.0
4,7,2001,29.49,15.16,95.25,35.75,18.56,0.0,5.13
5,7,2001,30.32,16.49,96.13,32.12,21.22,0.25,4.38
6,7,2001,36.68,17.74,78.62,19.87,25.42,0.0,3.63
7,7,2001,30.79,17.51,79.62,28.25,22.42,0.0,7.38
8,7,2001,35.28,17.05,80.12,14.87,25.07,0.0,8.88
9,7,2001,39.18,20.18,46.37,9.75,25.25,0.0,9.63
10,7,2001,41.5,23.92,46.0,9.87,25.12,0.0,9.25
11,7,2001,43.04,20.41,81.75,12.12,24.89,0.0,9.25
12,7,2001,30.14,16.64,95.37,40.0,17.69,0.22,8.13
13,7,2001,27.35,16.28,94.12,34.62,18.07,0.14,7.63
14,7,2001,27.98,14.07,90.25,26.62,25.31,0.0,8.63
15,7,2001,36.47,15.76,83.88,15.63,25.08,0.0,9.75
16,7,2001,40.13,23.35,34.5,11.5,24.94,0.0,11.13
17,7,2001,42.38,22.12,54.25,17.13,24.16,0.0,8.0
18,7,2001,40.34,25.19,57.75,21.37,24.46,0.0,8.13
19,7,2001,39.02,20.82,71.88,23.0,24.3,0.0,9.5
20,7,2001,31.68,17.56,89.75,33.37,24.66,0.0,9.0
21,7,2001,32.31,17.72,91.75,44.25,20.92,5.34,7.88
22,7,2001,49.51,19.18,88.37,27.38,22.22,2.56,8.13
23,7,2001,36.83,19.61,88.25,24.25,20.14,1.85,8.25
24,7,2001,39.15,24.71,48.0,19.25,23.9,0.0,6.75
25,7,2001,41.94,21.84,57.63,25.25,22.08,3.29,4.63
26,7,2001,39.19,24.41,35.25,19.25,20.51,0.59,3.63
27,7,2001,41.94,23.51,44.62,9.5,24.1,0.0,4.25
28,7,2001,41.69,23.45,46.25,12.5,23.78,0.0,6.13
29,7,2001,39.41,23.21,63.25,17.62,23.76,0.0,6.13
30,7,2001,36.01,17.61,94.37,22.75,23.75,0.0,5.25
31,7,2001,36.01,17.61,94.37,22.75,23.75,0.0,5.25
1,8,2001,32.97,18.43,99.0,34.5,17.78,0.15,3.88
2,8,2001,32.63,16.73,99.5,33.25,22.61,0.0,3.5
3,8,2001,34.3,14.89,100.0,26.12,22.55,0.0,1.75
4,8,2001,36.65,15.68,97.0,17.25,23.72,0.0,0.88
5,8,2001,36.27,16.8,81.12,18.75,23.66,0.0,1.75
6,8,2001,35.48,16.52,84.25,21.0,23.42,0.0,3.88
7,8,2001,31.91,16.69,91.37,30.0,23.17,0.0,4.63
8,8,2001,32.42,16.06,98.0,26.12,22.48,0.0,4.88
9,8,2001,35.71,17.32,84.87,20.87,23.24,0.0,5.63
10,8,2001,31.45,16.23,98.12,30.12,21.92,0.01,5.5
11,8,2001,34.08,16.47,98.5,20.75,21.15,0.14,3.63
12,8,2001,40.41,15.95,88.87,12.0,22.89,0.0,4.13
13,8,2001,39.2,19.06,60.25,14.75,22.46,0.0,5.88
14,8,2001,35.61,18.9,75.0,20.25,22.6,0.0,6.38
15,8,2001,33.48,17.16,91.75,24.37,22.61,0.0,8.38
16,8,2001,35.67,18.08,91.62,22.12,22.11,0.0,10.38
17,8,2001,39.3,21.97,50.0,10.0,22.03,0.0,11.38
18,8,2001,39.4,21.34,79.75,13.25,22.08,0.0,10.38
19,8,2001,31.53,17.89,89.25,35.75,21.44,0.0,9.13
20,8,2001,33.36,16.99,82.87,18.37,21.99,0.0,8.13
21,8,2001,31.91,18.15,90.5,38.87,21.04,0.0,6.75
22,8,2001,35.39,16.11,95.87,19.0,21.72,0.0,7.88
23,8,2001,37.47,16.32,53.37,19.75,21.28,0.0,8.0
24,8,2001,31.65,18.07,89.0,26.5,19.89,0.0,8.0
25,8,2001,29.81,16.11,95.75,20.37,21.49,0.0,8.75
26,8,2001,30.39,15.45,83.88,20.13,21.18,0.0,8.0
27,8,2001,33.46,16.92,73.25,19.5,21.04,0.0,8.25
28,8,2001,36.08,17.18,77.75,18.0,20.77,0.0,6.63
29,8,2001,35.93,18.51,82.0,24.37,20.34,0.0,4.38
30,8,2001,32.64,18.14,95.37,38.25,18.83,0.0,3.0
31,8,2001,32.64,18.14,95.37,38.25,18.83,0.0,3.0
1,9,2001,32.34,16.8,96.88,25.5,18.56,0.0,3.0
2,9,2001,36.61,16.99,73.75,17.0,20.09,0.0,3.0
3,9,2001,36.2,19.14,68.25,21.75,15.42,0.27,3.75
4,9,2001,34.98,19.48,89.37,31.0,19.38,0.21,2.5
5,9,2001,30.63,17.34,96.0,41.87,12.35,0.0,5.63
6,9,2001,30.15,14.27,98.0,26.75,20.0,0.0,6.25
7,9,2001,35.75,13.99,71.88,12.12,19.58,0.0,4.5
8,9,2001,34.86,13.8,72.25,14.12,19.73,0.0,2.13
9,9,2001,32.65,16.54,90.38,33.12,18.71,0.0,2.75
10,9,2001,28.4,15.67,99.0,31.25,19.13,0.0,7.0
11,9,2001,29.11,14.8,91.12,27.38,19.08,0.0,8.5
12,9,2001,33.15,15.54,91.5,19.75,18.86,0.0,8.88
13,9,2001,35.34,18.93,43.12,15.87,18.62,0.0,9.38
14,9,2001,36.34,19.63,70.12,25.87,16.99,0.86,9.5
15,9,2001,32.91,19.03,97.87,33.5,11.03,5.0,8.25
16,9,2001,36.64,19.62,92.62,20.75,17.77,0.38,4.13
17,9,2001,37.06,17.36,92.62,15.75,17.51,0.0,2.88
18,9,2001,30.3,18.74,89.75,33.75,8.1,1.08,5.88
19,9,2001,32.54,16.72,97.0,30.63,17.06,0.0,5.13
20,9,2001,30.09,13.28,100.0,33.25,16.29,0.01,4.13
21,9,2001,29.38,12.77,100.0,34.87,16.41,0.02,3.88
22,9,2001,26.17,12.64,100.0,45.75,15.0,3.21,6.25
23,9,2001,22.81,13.61,98.12,31.13,17.38,0.09,6.5
24,9,2001,23.61,10.43,74.62,26.12,17.38,0.0,6.13
25,9,2001,22.98,8.73,86.25,21.5,17.21,0.0,4.38
26,9,2001,23.76,8.99,96.5,29.0,16.68,0.0,3.63
27,9,2001,24.35,8.72,97.5,29.62,16.23,0.0,8.25
28,9,2001,21.6,11.55,98.62,44.62,14.68,18.57,7.25
29,9,2001,20.99,8.8,99.87,55.75,13.59,0.91,8.5
30,9,2001,23.96,8.84,97.5,38.12,15.96,0.0,4.88
1,10,2001,22.43,10.24,100.0,48.87,11.83,0.02,4.75
2,10,2001,22.05,12.49,98.25,34.62,15.82,0.72,4.88
3,10,2001,22.24,10.81,95.62,38.25,14.61,0.0,3.75
4,10,2001,18.99,11.04,98.37,76.25,2.12,8.07,6.88
5,10,2001,21.15,13.11,97.87,70.88,10.88,2.35,8.75
6,10,2001,19.16,14.49,98.12,83.63,8.86,8.45,10.0
7,10,2001,20.0,10.22,98.12,54.75,12.84,2.99,8.88
8,10,2001,21.33,8.48,99.5,56.75,11.9,6.13,9.25
9,10,2001,20.2,14.71,96.38,78.5,3.47,3.54,9.75
10,10,2001,22.03,11.43,98.0,46.88,14.0,0.0,2.88
11,10,2001,23.18,8.58,100.0,58.88,12.58,0.04,2.13
12,10,2001,25.18,14.44,99.87,44.12,11.94,0.35,5.13
13,10,2001,26.9,10.8,100.0,36.25,13.64,0.01,5.38
14,10,2001,25.77,14.01,100.0,50.37,12.43,3.39,6.38
15,10,2001,21.37,14.04,97.75,45.12,13.63,0.21,8.75
16,10,2001,21.21,12.0,95.62,52.0,12.37,0.07,6.38
17,10,2001,17.81,9.8,97.75,90.0,1.61,8.88,6.88
18,10,2001,20.79,11.76,96.25,46.37,13.08,0.0,4.25
19,10,2001,20.92,11.33,95.62,49.63,12.1,0.0,3.13
20,10,2001,18.39,12.27,96.5,69.62,5.13,0.13,5.5
21,10,2001,13.36,9.25,98.5,94.0,1.06,2.72,6.13
22,10,2001,16.15,6.58,99.12,72.5,10.39,2.41,6.75
23,10,2001,16.46,5.53,99.75,61.5,10.65,1.44,7.63
24,10,2001,18.02,3.9,100.0,62.87,10.71,1.23,5.0
25,10,2001,18.94,5.96,98.37,48.0,11.06,0.06,4.88
26,10,2001,13.21,7.48,99.75,76.62,2.08,13.07,15.63
27,10,2001,17.08,8.59,96.75,51.63,10.54,6.18,8.75
28,10,2001,15.39,8.1,97.0,70.25,9.1,1.97,10.88
29,10,2001,17.24,8.62,98.75,50.75,10.9,1.75,6.38
30,10,2001,16.36,7.92,99.5,75.12,8.09,26.91,8.88
31,10,2001,16.36,7.92,99.5,75.12,8.09,26.91,8.88
1,11,2001,16.53,5.12,99.0,87.0,1.66,10.09,8.13
2,11,2001,19.43,12.08,98.0,89.88,2.76,2.0,6.5
3,11,2001,19.43,9.23,99.37,66.5,9.93,0.01,1.5
4,11,2001,19.46,8.11,100.0,70.63,8.64,0.04,2.38
5,11,2001,20.35,9.63,100.0,74.12,7.8,0.07,2.88
6,11,2001,19.3,8.16,98.25,62.12,10.42,0.0,6.13
7,11,2001,18.83,8.51,98.25,62.75,7.66,0.0,4.88
8,11,2001,20.89,7.78,99.87,64.13,9.8,0.0,3.13
9,11,2001,20.47,9.31,100.0,77.63,8.36,0.08,2.0
10,11,2001,19.99,11.25,99.75,67.0,7.96,0.13,2.38
11,11,2001,15.96,9.87,96.25,75.87,2.99,0.0,2.25
12,11,2001,18.62,8.96,99.87,65.87,7.57,0.0,2.0
13,11,2001,16.06,7.76,100.0,71.75,5.6,0.09,3.25
14,11,2001,16.08,9.97,91.37,58.63,5.71,0.0,8.5
15,11,2001,16.38,6.41,99.0,60.12,7.77,0.0,6.88
16,11,2001,17.46,4.02,99.75,59.5,9.35,0.78,3.63
17,11,2001,14.49,5.85,95.0,65.75,8.07,0.55,6.75
18,11,2001,14.17,6.21,95.62,58.13,8.55,0.12,6.75
19,11,2001,14.49,3.15,96.25,52.75,9.18,0.0,4.25
20,11,2001,14.52,0.92,99.5,62.12,8.89,0.0,2.25
21,11,2001,17.75,6.44,98.25,66.5,7.46,0.01,6.0
22,11,2001,18.93,10.22,99.37,68.75,7.04,0.03,9.88
23,11,2001,18.89,11.22,99.0,72.87,5.43,15.23,7.5
24,11,2001,15.24,5.04,99.5,72.5,5.84,2.37,5.88
25,11,2001,15.4,3.54,100.0,76.12,6.36,0.07,9.25
26,11,2001,15.46,10.07,98.62,91.12,0.86,22.59,7.63
27,11,2001,16.56,6.92,99.5,91.37,2.65,4.42,8.0
28,11,2001,18.31,16.59,99.12,96.38,1.15,2.33,6.0
29,11,2001,18.0,16.69,98.75,96.38,0.87,8.31,5.63
30,11,2001,17.7,16.09,96.88,91.75,1.73,1.53,6.0
1,12,2001,16.11,9.96,97.87,67.12,4.9,11.01,7.0
2,12,2001,15.38,7.91,94.37,70.12,6.95,0.16,3.63
3,12,2001,16.2,9.45,96.0,80.0,6.78,0.75,4.0
4,12,2001,14.55,5.34,99.12,77.13,5.29,0.21,1.75
5,12,2001,14.87,3.64,99.25,72.37,7.33,0.11,6.75
6,12,2001,17.88,11.43,99.87,89.5,3.71,5.1,5.63
7,12,2001,15.88,12.73,100.0,96.88,1.57,0.89,7.38
8,12,2001,19.14,12.01,98.25,78.5,7.28,0.07,6.5
9,12,2001,17.07,10.27,98.12,85.0,3.62,0.07,6.88
10,12,2001,18.96,9.29,98.12,70.37,7.41,0.0,7.88
11,12,2001,18.78,9.51,97.75,67.75,7.13,0.02,8.5
12,12,2001,17.68,11.65,96.5,73.62,4.78,0.04,5.0
13,12,2001,16.1,13.26,99.87,96.25,0.95,1.25,2.38
14,12,2001,14.63,13.41,98.87,97.12,0.8,7.03,6.5
15,12,2001,15.26,11.81,98.5,91.62,3.4,10.54,10.88
16,12,2001,12.61,5.72,97.75,81.87,5.96,1.63,11.75
17,12,2001,12.01,5.48,96.5,72.62,6.38,0.52,7.75
18,12,2001,15.39,3.74,97.5,70.63,6.84,3.4,7.38
19,12,2001,15.31,11.1,97.37,95.5,0.36,9.8,7.5
20,12,2001,15.2,7.29,98.62,76.88,5.74,0.02,3.0
21,12,2001,13.76,4.24,100.0,80.5,5.54,0.33,3.5
22,12,2001,17.4,9.51,98.87,94.5,2.36,3.33,3.5
23,12,2001,16.78,11.96,99.87,94.12,1.94,0.31,6.13
24,12,2001,18.83,10.86,100.0,78.87,7.04,0.01,7.88
25,12,2001,18.18,12.09,99.0,79.75,4.23,0.34,5.75
26,12,2001,17.7,11.01,98.37,76.88,5.24,0.04,6.0
27,12,2001,18.26,8.19,98.12,68.62,7.31,0.0,4.63
28,12,2001,17.12,5.63,99.0,68.0,7.43,0.0,3.38
29,12,2001,16.14,4.48,100.0,74.75,6.86,0.02,5.63
30,12,2001,15.73,7.88,96.5,69.87,7.07,0.0,6.13
31,12,2001,15.73,7.88,96.5,69.87,7.07,0.0,6.13
1,1,2002,15.48,8.03,88.62,67.0,7.47,0.0,7.25
2,1,2002,12.35,5.11,80.12,60.37,7.72,0.0,5.63
3,1,2002,13.02,4.55,89.75,57.63,7.65,0.0,5.88
4,1,2002,15.13,2.93,91.5,67.5,7.57,0.0,4.5
5,1,2002,13.96,4.6,86.12,58.63,7.92,0.0,3.5
6,1,2002,13.9,3.06,89.75,57.75,8.05,0.0,9.13
7,1,2002,13.63,1.68,90.63,54.0,7.49,0.0,9.88
8,1,2002,15.02,3.51,97.75,68.62,7.59,0.0,5.5
9,1,2002,12.67,6.57,97.75,62.62,3.89,0.14,7.38
10,1,2002,16.29,7.78,89.75,68.12,6.62,0.07,11.75
11,1,2002,16.56,11.54,92.75,47.37,6.41,1.61,4.63
12,1,2002,13.44,11.88,96.75,78.37,0.51,14.08,13.25
13,1,2002,13.35,6.16,99.25,85.87,4.74,12.82,17.38
14,1,2002,9.14,3.52,93.62,68.75,7.18,3.05,14.5
15,1,2002,9.44,1.28,96.88,69.62,7.01,0.91,11.13
16,1,2002,8.36,0.56,96.75,35.5,8.77,0.0,9.38
17,1,2002,9.64,-3.26,94.75,57.63,5.5,0.16,7.75
18,1,2002,13.05,7.2,94.87,64.13,7.13,0.27,5.38
19,1,2002,10.3,1.78,96.0,43.12,9.11,0.0,10.63
20,1,2002,10.12,-0.3,96.25,47.75,9.22,0.0,12.38
21,1,2002,9.99,-1.0,98.5,50.75,9.29,0.0,9.38
22,1,2002,12.56,-2.56,98.5,60.25,8.87,0.0,7.5
23,1,2002,12.74,1.29,100.0,67.5,7.07,0.22,7.5
24,1,2002,11.22,-1.16,100.0,76.0,6.43,0.73,9.63
25,1,2002,10.29,-3.05,100.0,54.0,9.02,0.1,10.88
26,1,2002,9.92,-3.81,98.37,48.75,9.81,0.08,6.88
27,1,2002,9.89,-2.46,100.0,53.25,9.15,0.03,7.0
28,1,2002,9.34,-4.45,98.37,47.12,10.18,0.0,9.13
29,1,2002,10.49,-2.87,97.75,54.75,9.99,0.0,7.25
30,1,2002,8.95,-2.59,97.75,47.37,10.15,0.0,6.13
31,1,2002,8.95,-2.59,97.75,47.37,10.15,0.0,6.13
1,2,2002,8.66,-2.97,95.62,48.62,10.24,0.0,3.38
2,2,2002,10.57,-2.59,84.0,45.87,10.5,0.0,6.88
3,2,2002,13.06,-0.62,84.13,57.25,8.47,0.0,10.38
4,2,2002,15.54,7.06,83.75,64.38,4.46,0.79,10.38
5,2,2002,15.59,11.13,90.87,46.25,2.11,2.63,8.75
6,2,2002,14.98,9.15,98.37,43.75,0.79,14.83,9.75
7,2,2002,12.83,6.38,97.75,90.25,3.55,2.32,7.5
8,2,2002,14.91,3.14,99.12,66.5,10.12,0.02,2.25
9,2,2002,16.43,6.49,99.87,72.12,9.57,0.0,1.75
10,2,2002,16.85,5.58,100.0,81.0,7.96,0.23,3.75
11,2,2002,19.38,8.73,99.75,75.5,8.65,0.01,2.25
12,2,2002,18.69,6.93,98.5,65.5,11.03,0.0,3.88
13,2,2002,16.91,5.12,99.5,53.25,11.85,0.0,7.25
14,2,2002,16.82,0.78,97.0,46.63,11.56,0.0,5.38
15,2,2002,17.95,5.53,98.37,68.0,11.81,0.2,6.5
16,2,2002,14.4,5.83,95.12,65.13,9.57,2.09,6.38
17,2,2002,14.26,4.9,96.38,62.25,10.71,0.44,4.5
18,2,2002,12.46,6.98,97.62,79.75,1.18,25.19,13.0
19,2,2002,12.75,7.85,95.62,75.12,9.46,3.92,11.63
20,2,2002,13.24,5.01,95.87,55.87,12.19,0.22,8.75
21,2,2002,13.52,4.1,93.37,48.12,12.96,0.01,3.13
22,2,2002,15.12,1.1,99.0,71.38,8.4,0.03,1.88
23,2,2002,13.42,7.43,100.0,86.62,2.52,2.55,6.0
24,2,2002,12.66,5.29,97.25,67.12,11.03,2.22,7.75
25,2,2002,15.17,3.77,96.75,57.88,13.44,0.1,3.5
26,2,2002,11.46,6.05,97.25,86.37,1.02,9.46,8.13
27,2,2002,13.19,5.98,96.63,80.0,9.63,2.88,10.0
28,2,2002,12.91,4.05,97.75,76.88,10.67,3.49,13.75
1,3,2002,14.79,9.9,96.88,87.25,2.19,19.96,9.88
2,3,2002,15.55,6.23,94.87,49.88,14.39,0.05,7.13
3,3,2002,14.65,8.56,98.62,81.87,0.38,26.09,8.75
4,3,2002,14.58,7.18,92.37,54.12,13.84,0.44,7.13
5,3,2002,11.17,5.35,97.0,78.37,0.61,15.8,10.75
6,3,2002,12.03,6.39,92.62,52.63,14.27,0.77,8.38
7,3,2002,12.62,6.24,85.37,49.75,12.41,0.23,6.13
8,3,2002,12.36,3.72,99.75,61.75,12.81,0.95,11.88
9,3,2002,11.18,1.38,100.0,77.88,9.92,4.93,11.38
10,3,2002,14.14,2.19,100.0,66.87,11.47,0.84,11.75
11,3,2002,15.57,3.28,99.37,62.5,7.83,2.25,7.75
12,3,2002,13.23,9.73,97.12,94.75,1.73,1.73,6.0
13,3,2002,16.32,7.67,99.0,77.25,7.59,0.12,4.5
14,3,2002,18.85,4.4,99.0,46.0,16.95,0.0,3.25
15,3,2002,13.25,2.91,100.0,84.5,4.81,0.17,3.75
16,3,2002,16.73,4.36,99.87,57.88,15.72,0.0,3.0
17,3,2002,17.34,5.22,99.0,63.5,15.04,0.13,2.63
18,3,2002,19.74,4.44,99.62,53.25,17.18,0.0,2.5
19,3,2002,23.11,7.25,97.87,62.87,17.36,0.04,3.88
20,3,2002,20.57,8.38,99.5,56.12,17.34,0.0,5.38
21,3,2002,13.63,7.61,99.87,87.25,3.9,11.34,8.5
22,3,2002,12.91,4.52,99.25,70.63,13.29,4.03,13.25
23,3,2002,14.96,3.77,100.0,55.62,14.55,1.03,10.25
24,3,2002,14.68,5.77,95.87,47.62,17.26,0.11,8.63
25,3,2002,15.52,5.01,90.75,38.5,19.08,0.0,5.63
26,3,2002,16.69,3.54,94.5,41.37,18.97,0.0,3.0
27,3,2002,16.56,6.89,97.5,62.37,10.73,0.07,5.63
28,3,2002,18.17,7.89,98.0,58.0,15.76,0.23,7.0
29,3,2002,15.89,10.13,98.12,77.25,5.79,0.8,7.63
30,3,2002,17.18,6.01,99.5,64.88,11.63,4.13,8.5
31,3,2002,17.18,6.01,99.5,64.88,11.63,4.13,8.5
1,4,2002,17.31,12.43,99.5,82.37,10.67,5.9,8.25
2,4,2002,15.12,12.05,99.62,86.12,6.24,6.22,12.5
3,4,2002,15.1,8.76,100.0,86.62,5.32,6.17,18.75
4,4,2002,10.29,8.12,99.87,71.5,4.1,3.97,12.88
5,4,2002,14.43,5.98,95.12,61.0,9.48,2.12,9.25
6,4,2002,16.6,9.59,98.87,73.62,10.48,15.48,6.0
7,4,2002,15.65,7.21,99.12,68.12,10.98,1.96,7.38
8,4,2002,16.66,5.13,97.87,58.38,15.64,0.11,4.25
9,4,2002,18.43,7.18,99.12,63.62,13.48,0.22,5.75
10,4,2002,16.28,8.31,97.75,75.5,4.98,1.39,4.25
11,4,2002,17.79,5.11,95.87,48.37,20.91,0.0,4.63
12,4,2002,18.65,6.66,95.75,52.88,20.94,0.0,3.88
13,4,2002,15.74,7.93,99.5,87.0,5.27,1.33,6.0
14,4,2002,19.32,7.78,98.12,44.5,21.78,0.0,7.63
15,4,2002,17.68,7.12,89.63,43.0,21.67,0.0,9.75
16,4,2002,18.61,5.62,91.12,43.5,22.12,0.0,9.0
17,4,2002,18.97,6.38,97.37,43.63,20.14,0.01,5.88
18,4,2002,21.5,7.8,97.37,51.5,21.79,0.0,2.63
19,4,2002,18.45,7.59,96.25,63.25,21.92,0.0,5.13
20,4,2002,17.77,7.12,96.13,46.75,22.02,0.0,7.5
21,4,2002,19.49,6.17,85.12,39.12,22.4,0.0,7.88
22,4,2002,20.24,6.73,96.63,51.25,22.4,0.0,8.5
23,4,2002,19.89,8.89,97.37,50.25,22.4,0.0,7.75
24,4,2002,22.93,8.81,98.25,48.75,22.1,0.0,7.0
25,4,2002,24.95,10.43,98.62,49.63,22.5,0.0,3.25
26,4,2002,24.22,11.75,90.38,50.37,18.74,0.11,6.25
27,4,2002,20.31,9.98,98.12,52.38,22.31,0.04,8.13
28,4,2002,21.91,7.1,96.88,46.88,23.53,0.0,7.63
29,4,2002,19.68,10.25,98.62,50.37,19.16,0.04,7.5
30,4,2002,21.88,9.13,97.62,51.5,23.26,0.0,9.63
1,5,2002,26.04,13.97,91.25,46.25,22.9,0.0,11.88
2,5,2002,25.33,14.95,64.88,36.75,23.43,0.0,12.75
3,5,2002,23.84,15.54,62.75,40.25,17.09,0.28,10.5
4,5,2002,27.43,17.41,86.25,33.12,9.26,0.92,3.63
5,5,2002,25.33,14.12,99.75,52.0,19.04,11.32,4.13
6,5,2002,23.01,11.33,100.0,60.87,19.73,0.53,4.38
7,5,2002,23.29,9.03,100.0,55.12,23.19,0.0,4.25
8,5,2002,24.15,8.7,100.0,48.37,22.33,0.01,5.63
9,5,2002,23.09,9.09,99.87,57.63,22.86,0.0,7.63
10,5,2002,20.02,13.18,99.87,81.25,7.06,2.89,4.13
11,5,2002,22.48,13.08,99.62,60.5,17.19,2.33,3.38
12,5,2002,22.84,13.51,96.88,73.37,16.85,5.39,3.0
13,5,2002,29.29,15.21,97.37,39.5,22.75,10.86,5.75
14,5,2002,24.89,12.39,99.0,53.87,15.45,11.46,5.13
15,5,2002,20.44,11.14,97.5,52.13,17.79,1.09,8.0
16,5,2002,17.39,13.86,99.0,91.75,2.84,8.86,8.0
17,5,2002,19.86,12.74,99.37,85.62,6.98,5.85,5.88
18,5,2002,20.87,12.7,99.37,65.25,11.35,0.38,5.63
19,5,2002,15.8,12.14,99.37,95.5,1.99,3.49,8.25
20,5,2002,16.75,9.86,98.12,66.87,18.26,4.88,8.25
21,5,2002,14.35,9.27,99.75,94.12,1.6,17.67,5.75
22,5,2002,20.39,8.07,100.0,45.5,22.06,0.09,9.13
23,5,2002,18.2,10.64,98.87,77.88,18.03,9.01,7.88
24,5,2002,18.17,10.83,99.37,72.75,18.22,8.2,6.13
25,5,2002,18.61,9.19,100.0,69.0,18.24,4.87,6.25
26,5,2002,18.24,7.31,100.0,62.75,18.82,2.93,5.63
27,5,2002,20.65,8.84,96.88,47.87,25.43,0.0,7.25
28,5,2002,25.31,10.7,88.0,47.5,25.36,0.67,9.0
29,5,2002,26.32,12.09,94.75,49.0,25.04,0.0,8.38
30,5,2002,25.82,13.98,86.62,57.63,24.93,0.0,6.0
31,5,2002,25.82,13.98,86.62,57.63,24.93,0.0,6.0
1,6,2002,23.34,12.25,96.63,59.75,25.26,0.0,6.75
2,6,2002,27.38,13.17,97.87,54.25,25.51,0.0,9.63
3,6,2002,34.49,19.5,88.37,33.37,24.91,0.48,10.0
4,6,2002,34.35,19.45,100.0,41.37,23.4,0.05,10.25
5,6,2002,25.39,14.38,93.87,55.12,25.42,0.0,9.88
6,6,2002,24.79,13.4,96.5,55.87,25.71,0.0,9.63
7,6,2002,24.79,13.42,95.5,53.87,25.36,0.0,8.63
8,6,2002,23.19,12.77,98.37,49.37,23.22,0.04,7.13
9,6,2002,24.17,12.09,90.38,35.5,26.05,0.0,5.88
10,6,2002,20.4,9.61,96.88,48.87,22.32,1.11,9.5
11,6,2002,21.08,9.68,96.38,45.25,24.09,0.38,9.13
12,6,2002,21.81,11.94,97.75,37.5,26.13,0.0,9.5
13,6,2002,19.56,13.1,99.25,83.38,5.19,3.85,7.13
14,6,2002,23.67,12.19,99.25,47.62,20.48,0.0,4.75
15,6,2002,24.5,9.91,99.5,45.0,25.41,0.0,6.75
16,6,2002,24.1,12.12,98.62,42.12,24.52,0.0,8.5
17,6,2002,25.22,13.93,98.5,51.25,23.51,0.02,7.88
18,6,2002,27.76,14.79,94.5,42.12,25.61,0.0,6.5
19,6,2002,30.37,12.71,92.37,27.25,26.0,0.0,6.13
20,6,2002,29.62,16.25,91.25,37.62,25.45,0.0,6.38
21,6,2002,27.24,15.48,97.62,46.88,25.4,0.0,5.63
22,6,2002,27.95,15.02,97.5,40.5,25.32,0.0,6.75
23,6,2002,24.93,14.29,98.25,40.38,23.19,0.01,6.25
24,6,2002,24.89,12.7,96.5,39.25,25.47,0.04,5.0
25,6,2002,26.21,14.47,99.0,40.0,25.1,0.01,6.38
26,6,2002,25.63,13.0,97.75,36.37,25.54,0.0,6.25
27,6,2002,26.97,12.45,98.25,35.75,25.45,0.0,5.75
28,6,2002,29.18,12.76,98.62,35.25,25.42,0.01,5.38
29,6,2002,27.05,13.23,98.75,37.62,20.82,0.13,5.5
30,6,2002,25.86,12.23,97.62,37.13,24.57,0.0,6.75
1,7,2002,26.9,12.19,98.12,30.75,25.76,0.0,6.38
2,7,2002,26.87,12.24,94.5,32.12,25.71,0.0,6.63
3,7,2002,26.6,13.5,97.87,34.62,25.64,0.0,6.13
4,7,2002,29.34,11.5,96.38,38.87,25.15,0.0,4.25
5,7,2002,28.9,16.72,96.75,39.12,18.28,0.25,4.5
6,7,2002,31.07,15.56,85.62,22.12,25.49,0.0,5.13
7,7,2002,28.62,14.16,96.63,25.87,25.74,0.0,7.25
8,7,2002,31.79,14.54,87.0,19.37,25.78,0.0,9.38
9,7,2002,36.59,16.82,59.87,15.87,25.54,0.0,10.25
10,7,2002,31.52,16.76,86.5,29.12,25.53,0.0,8.88
11,7,2002,30.0,15.35,96.13,29.5,25.52,0.0,6.5
12,7,2002,32.19,13.97,96.88,20.13,25.36,0.0,5.0
13,7,2002,28.12,15.92,98.25,34.75,14.44,0.32,7.38
14,7,2002,29.91,14.6,99.5,31.62,22.4,0.14,6.63
15,7,2002,29.34,15.75,94.12,29.25,25.2,0.0,7.0
16,7,2002,29.26,15.27,97.12,33.75,25.21,0.0,9.0
17,7,2002,30.25,14.28,92.25,24.62,25.02,0.0,7.88
18,7,2002,30.54,14.98,96.75,37.87,24.25,0.0,5.13
19,7,2002,29.63,17.37,98.87,42.12,13.55,0.31,3.38
20,7,2002,28.78,16.15,99.0,38.5,19.41,0.15,4.88
21,7,2002,29.11,15.64,98.25,32.12,24.28,0.0,6.13
22,7,2002,35.19,15.7,94.25,18.25,24.76,0.0,8.75
23,7,2002,39.85,20.32,52.63,12.75,24.52,0.0,10.5
24,7,2002,38.5,19.83,73.75,16.5,24.16,0.0,10.0
25,7,2002,31.22,16.22,98.62,28.25,22.06,0.04,7.25
26,7,2002,29.82,15.95,94.62,23.62,24.72,0.0,6.38
27,7,2002,34.33,15.41,76.12,13.0,24.75,0.0,8.88
28,7,2002,37.13,16.68,58.0,10.88,24.47,0.0,8.88
29,7,2002,36.94,16.8,77.63,16.0,24.0,0.0,7.75
30,7,2002,34.67,16.78,87.87,18.5,24.34,0.0,7.75
31,7,2002,34.67,16.78,87.87,18.5,24.34,0.0,7.75
1,8,2002,32.43,16.66,95.5,28.0,23.96,0.0,7.63
2,8,2002,31.35,17.37,98.25,36.62,17.09,0.15,7.0
3,8,2002,30.46,17.45,97.0,40.38,20.76,0.05,3.63
4,8,2002,29.5,18.29,95.75,44.37,14.0,0.19,2.75
5,8,2002,30.41,18.19,94.75,42.12,20.85,0.07,4.63
6,8,2002,33.01,16.82,95.62,32.75,22.47,0.0,7.13
7,8,2002,36.32,17.71,81.37,21.25,21.01,0.0,9.25
8,8,2002,37.79,17.01,89.37,23.75,22.8,0.0,9.0
9,8,2002,31.23,15.2,98.62,32.25,23.21,0.0,8.38
10,8,2002,30.06,16.91,97.87,42.37,15.4,0.42,6.75
11,8,2002,29.68,17.28,93.75,33.5,21.37,0.03,4.38
12,8,2002,36.25,15.67,84.0,17.87,22.9,0.0,4.75
13,8,2002,35.01,18.46,67.12,18.12,22.81,0.0,4.75
14,8,2002,33.36,15.62,88.87,19.75,22.94,0.0,4.5
15,8,2002,33.37,16.92,97.5,27.75,22.54,0.0,4.63
16,8,2002,36.33,16.51,96.13,21.0,22.43,0.0,5.63
17,8,2002,39.9,17.84,77.5,15.5,22.19,0.0,5.75
18,8,2002,40.31,21.37,63.75,15.5,21.88,0.0,4.0
19,8,2002,34.07,19.36,84.13,30.12,21.66,0.0,3.88
20,8,2002,33.33,17.14,96.5,30.37,21.63,0.0,7.0
21,8,2002,35.53,15.61,98.5,23.5,21.69,0.0,8.0
22,8,2002,36.02,15.35,100.0,18.37,20.6,0.01,8.13
23,8,2002,32.84,15.29,99.5,27.88,21.47,0.0,6.88
24,8,2002,30.49,14.29,99.62,36.5,14.26,0.23,4.88
25,8,2002,31.58,15.28,99.62,35.0,14.74,0.13,5.0
26,8,2002,30.14,16.8,99.25,42.25,14.22,0.35,5.88
27,8,2002,29.02,16.71,99.87,42.12,13.09,0.66,6.63
28,8,2002,32.87,12.41,100.0,30.5,19.58,0.02,6.0
29,8,2002,33.61,15.21,98.37,25.5,20.43,0.0,4.38
30,8,2002,31.78,13.45,96.63,24.25,20.54,0.0,4.25
31,8,2002,31.78,13.45,96.63,24.25,20.54,0.0,4.25
1,9,2002,31.67,13.8,97.5,30.75,20.23,0.0,5.5
2,9,2002,31.17,14.56,97.37,28.0,15.34,0.01,7.63
3,9,2002,23.67,17.89,96.13,63.87,4.66,22.07,7.88
4,9,2002,31.07,19.24,97.62,38.37,13.44,17.74,7.5
5,9,2002,32.42,19.68,99.0,43.0,18.12,6.55,5.25
6,9,2002,27.77,15.73,100.0,44.25,17.6,0.02,2.0
7,9,2002,25.65,16.41,99.87,56.12,12.6,0.31,2.0
8,9,2002,25.73,15.34,100.0,57.25,13.01,0.2,3.88
9,9,2002,24.77,14.1,100.0,59.75,12.14,0.35,3.88
10,9,2002,26.59,13.71,100.0,52.25,17.14,0.05,4.5
11,9,2002,27.01,13.35,100.0,44.62,15.23,0.06,4.88
12,9,2002,25.14,13.92,100.0,49.5,13.72,0.03,4.25
13,9,2002,25.83,13.24,98.5,35.12,18.75,0.0,5.0
14,9,2002,26.5,13.13,96.5,34.13,18.66,0.0,4.25
15,9,2002,27.85,12.91,97.87,51.5,15.87,0.0,4.88
16,9,2002,27.04,17.67,99.0,56.37,10.6,0.21,4.88
17,9,2002,27.89,17.6,99.75,50.12,12.14,0.2,5.75
18,9,2002,24.91,13.5,98.62,33.25,17.45,0.04,7.5
19,9,2002,25.16,11.64,96.38,27.0,17.74,0.0,8.5
20,9,2002,29.37,13.78,62.5,14.5,17.9,0.0,11.38
21,9,2002,33.64,18.6,36.12,16.25,17.52,0.0,10.75
22,9,2002,36.87,20.59,52.63,20.37,16.58,0.0,8.75
23,9,2002,36.13,21.65,70.25,19.37,15.06,0.54,7.0
24,9,2002,29.85,16.17,97.75,39.75,16.57,0.0,6.13
25,9,2002,24.83,12.13,99.62,44.37,13.62,0.01,4.5
26,9,2002,27.76,14.35,97.37,38.0,16.36,0.0,5.38
27,9,2002,27.34,13.21,95.37,29.25,16.44,0.0,6.75
28,9,2002,29.1,14.03,91.0,25.25,16.33,0.0,6.38
29,9,2002,29.41,15.31,92.37,29.62,16.17,0.0,6.63
30,9,2002,29.39,14.27,96.75,30.12,16.12,0.0,7.13
1,10,2002,36.39,13.36,86.62,11.75,16.02,0.0,6.63
2,10,2002,36.99,15.57,55.0,12.25,14.09,0.11,5.75
3,10,2002,30.74,15.73,98.0,32.37,15.52,0.0,2.5
4,10,2002,31.9,13.15,100.0,23.87,13.26,0.08,2.0
5,10,2002,33.37,13.68,95.25,22.0,14.84,0.0,3.63
6,10,2002,33.99,15.27,81.87,21.25,14.76,0.0,7.25
7,10,2002,31.76,15.65,62.75,25.0,9.94,0.65,7.25
8,10,2002,29.74,16.75,89.25,30.37,9.57,0.83,6.88
9,10,2002,25.5,14.91,93.62,35.25,14.37,0.0,9.75
10,10,2002,24.44,13.6,54.0,22.87,10.96,0.0,11.63
11,10,2002,26.88,12.27,36.25,14.62,14.3,0.0,11.13
12,10,2002,29.13,9.9,33.0,12.62,14.17,0.0,7.63
13,10,2002,30.82,9.09,73.37,13.37,14.09,0.0,6.88
14,10,2002,28.89,9.29,99.5,24.5,13.85,0.0,5.13
15,10,2002,25.73,12.5,96.13,32.5,13.59,0.0,6.13
16,10,2002,30.54,11.79,87.62,18.63,13.52,0.0,7.63
17,10,2002,30.69,13.81,65.63,22.12,13.13,0.03,7.5
18,10,2002,29.45,15.85,89.63,33.0,9.8,1.47,2.75
19,10,2002,32.94,14.86,74.0,22.37,11.97,0.01,3.13
20,10,2002,34.53,15.81,52.38,15.63,12.52,0.01,3.5
21,10,2002,34.73,14.68,41.0,14.62,12.5,0.01,5.25
22,10,2002,34.7,15.21,44.62,13.0,12.43,0.0,6.75
23,10,2002,34.12,15.98,47.5,14.5,11.74,0.01,7.75
24,10,2002,30.45,13.45,71.0,20.62,10.35,0.15,4.38
25,10,2002,27.72,13.08,75.37,24.12,9.33,0.01,5.0
26,10,2002,24.29,11.52,81.12,18.87,12.0,0.0,7.63
27,10,2002,22.99,10.34,36.5,15.38,12.27,0.0,9.75
28,10,2002,24.02,7.33,33.88,9.5,12.19,0.0,8.25
29,10,2002,24.93,4.93,45.0,10.0,12.03,0.0,9.0
30,10,2002,25.45,11.24,62.12,21.0,11.43,0.0,10.0
31,10,2002,25.45,11.24,62.12,21.0,11.43,0.0,10.0
1,11,2002,25.9,13.09,52.63,20.13,11.38,0.0,10.75
2,11,2002,24.85,11.63,52.63,23.25,11.35,0.0,8.63
3,11,2002,25.4,9.04,48.62,19.12,11.27,0.0,6.0
4,11,2002,24.21,4.58,95.62,17.62,11.26,0.0,7.75
5,11,2002,22.02,6.83,95.75,26.5,10.63,0.01,6.5
6,11,2002,19.96,6.63,97.37,39.5,9.82,0.94,4.25
7,11,2002,19.34,11.83,98.37,53.62,5.21,9.87,7.25
8,11,2002,18.35,7.15,96.63,41.25,10.33,0.0,4.5
9,11,2002,18.18,3.5,100.0,48.87,9.3,1.06,4.0
10,11,2002,21.18,12.85,99.37,55.87,8.46,3.04,7.13
11,11,2002,18.34,8.45,98.5,54.0,6.73,0.64,4.88
12,11,2002,18.09,5.19,98.87,57.12,6.42,2.78,6.75
13,11,2002,19.79,13.11,98.75,75.62,5.49,0.01,5.63
14,11,2002,19.62,10.06,99.12,48.62,9.5,0.0,8.13
15,11,2002,19.2,6.83,98.37,51.25,9.27,0.0,6.13
16,11,2002,20.29,11.66,97.75,55.5,7.73,0.31,5.0
17,11,2002,18.68,13.65,98.75,81.62,2.45,0.64,5.0
18,11,2002,23.17,14.32,98.75,58.75,7.85,0.07,6.13
19,11,2002,26.2,13.59,96.13,41.25,8.66,0.0,3.13
20,11,2002,24.38,11.92,96.0,48.87,7.92,0.02,2.88
21,11,2002,24.94,10.46,99.87,47.0,8.58,0.01,5.5
22,11,2002,24.53,10.86,100.0,44.0,8.32,0.01,4.0
23,11,2002,24.75,8.98,99.0,40.63,8.44,0.0,2.75
24,11,2002,22.5,8.92,100.0,47.0,5.86,0.02,3.88
25,11,2002,24.41,7.4,99.12,36.88,8.47,0.0,2.5
26,11,2002,23.4,5.81,99.37,34.87,8.54,0.0,2.5
27,11,2002,21.14,3.21,100.0,37.75,8.29,0.02,3.38
28,11,2002,13.73,6.22,100.0,93.37,1.44,0.35,7.25
29,11,2002,15.83,12.96,98.5,95.25,0.25,37.63,10.5
30,11,2002,16.17,10.19,97.62,75.87,7.83,2.81,6.88
1,12,2002,16.5,8.92,98.87,73.5,6.82,0.79,6.25
2,12,2002,16.16,7.15,99.5,83.38,6.85,2.57,7.63
3,12,2002,15.13,7.0,97.87,63.5,6.93,17.14,6.88
4,12,2002,12.6,3.01,98.87,49.25,7.96,0.0,2.88
5,12,2002,12.26,0.71,97.0,51.0,7.95,0.13,7.63
6,12,2002,13.36,0.06,97.87,63.75,7.58,0.35,4.13
7,12,2002,14.01,4.33,98.12,64.38,7.62,0.32,3.5
8,12,2002,12.69,2.07,100.0,74.5,3.27,14.97,8.38
9,12,2002,17.4,11.34,99.87,86.37,5.48,3.27,4.0
10,12,2002,13.36,11.31,99.5,95.12,0.38,22.25,5.13
11,12,2002,14.65,7.99,98.75,96.63,0.92,18.36,2.13
12,12,2002,13.94,3.95,99.5,76.88,7.53,0.0,2.38
13,12,2002,12.78,1.57,100.0,76.12,6.26,0.03,5.13
14,12,2002,11.35,5.9,89.88,66.5,3.59,0.11,8.25
15,12,2002,13.84,2.02,95.87,66.0,7.43,0.01,5.25
16,12,2002,10.24,0.35,84.25,58.63,6.17,0.4,8.5
17,12,2002,8.87,6.68,82.0,60.87,1.22,1.46,8.38
18,12,2002,10.83,7.66,97.25,53.75,2.72,20.87,5.75
19,12,2002,11.9,9.51,97.37,95.75,0.44,14.87,10.13
20,12,2002,13.55,7.43,97.37,82.75,5.1,0.4,8.75
21,12,2002,12.98,5.2,96.38,66.75,7.4,0.0,6.0
22,12,2002,12.04,2.77,92.37,59.38,7.81,0.0,4.38
23,12,2002,12.43,0.12,95.75,63.12,7.7,0.0,8.25
24,12,2002,11.78,3.28,78.87,56.12,7.58,0.01,8.13
25,12,2002,12.88,3.94,85.25,56.75,7.5,0.0,2.5
26,12,2002,12.59,0.09,96.38,54.0,7.81,0.0,4.88
27,12,2002,11.82,-0.59,95.5,57.25,7.7,0.0,9.88
28,12,2002,13.77,3.05,94.5,63.0,7.56,0.0,8.5
29,12,2002,13.37,5.19,87.25,64.63,7.63,0.0,7.38
30,12,2002,12.93,2.09,97.87,63.37,7.77,0.0,7.0
31,12,2002,12.93,2.09,97.87,63.37,7.77,0.0,7.0
1,1,2003,14.21,-0.27,97.12,52.13,7.69,0.0,7.88
2,1,2003,12.28,2.77,88.5,53.87,7.78,0.0,7.75
3,1,2003,11.93,-0.19,99.87,51.63,7.87,0.0,5.0
4,1,2003,13.41,-2.37,100.0,72.12,7.61,0.1,5.75
5,1,2003,12.49,5.09,94.75,72.75,6.26,0.99,8.0
6,1,2003,11.87,4.57,92.75,57.0,7.74,0.0,9.13
7,1,2003,11.65,5.98,94.37,80.12,2.63,0.7,7.88
8,1,2003,15.04,2.4,97.5,81.5,6.23,0.89,6.75
9,1,2003,12.89,3.71,96.0,63.12,8.13,0.0,5.0
10,1,2003,12.17,-0.68,99.75,66.5,8.01,0.0,2.75
11,1,2003,14.44,1.4,99.62,82.12,4.41,5.63,5.13
12,1,2003,12.38,5.42,97.5,58.5,8.18,0.67,7.75
13,1,2003,13.51,4.64,96.25,87.0,2.75,2.66,6.38
14,1,2003,14.95,9.37,96.63,77.5,5.07,0.15,7.5
15,1,2003,15.55,7.34,96.63,71.63,8.32,0.0,7.75
16,1,2003,15.3,3.1,99.75,66.62,8.61,0.0,6.0
17,1,2003,14.76,-0.71,100.0,65.5,8.05,0.09,2.63
18,1,2003,14.75,-0.31,100.0,73.87,7.62,4.67,4.25
19,1,2003,10.72,5.52,89.75,69.75,6.89,0.77,6.75
20,1,2003,11.04,3.66,95.25,69.37,6.89,1.13,7.75
21,1,2003,10.8,1.58,97.25,71.38,6.27,0.87,9.25
22,1,2003,9.8,-0.25,97.5,51.25,9.32,0.0,11.88
23,1,2003,9.09,-3.63,79.5,49.37,9.42,0.0,10.13
24,1,2003,10.08,1.28,96.63,72.0,3.78,0.4,8.13
25,1,2003,12.39,2.47,99.12,82.62,3.35,7.12,8.75
26,1,2003,13.71,12.33,94.62,91.87,0.89,2.67,8.13
27,1,2003,14.58,13.3,96.0,91.25,0.71,3.24,5.13
28,1,2003,17.55,12.65,95.5,69.12,8.19,0.21,2.13
29,1,2003,15.45,8.36,98.12,81.75,3.84,0.39,5.25
30,1,2003,14.43,5.79,96.5,57.88,9.74,0.0,6.25
31,1,2003,14.43,5.79,96.5,57.88,9.74,0.0,6.25
1,2,2003,15.67,3.24,98.12,71.38,7.91,0.01,6.75
2,2,2003,13.54,4.76,98.75,52.13,10.22,0.0,9.38
3,2,2003,12.24,3.8,66.75,42.0,10.6,0.0,12.88
4,2,2003,12.21,1.49,71.63,43.25,10.94,0.0,14.13
5,2,2003,14.41,1.06,90.75,44.87,10.93,0.0,13.5
6,2,2003,14.17,2.39,94.75,61.12,7.53,0.0,13.13
7,2,2003,9.31,0.96,96.38,61.75,8.96,0.59,14.5
8,2,2003,10.12,0.43,99.62,72.0,7.0,2.04,13.13
9,2,2003,10.85,-0.48,100.0,62.37,7.29,0.47,13.88
10,2,2003,12.95,3.78,94.75,51.5,11.27,0.0,9.13
11,2,2003,14.31,3.62,97.37,53.87,11.36,0.0,3.63
12,2,2003,14.53,-0.36,100.0,65.38,9.54,0.0,5.5
13,2,2003,12.99,5.97,98.37,95.0,1.77,3.24,6.0
14,2,2003,14.3,2.55,98.37,68.5,10.24,0.35,3.75
15,2,2003,13.51,6.6,98.62,90.5,0.9,1.83,5.63
16,2,2003,15.73,7.67,99.87,85.0,3.9,0.37,2.25
17,2,2003,14.8,7.4,100.0,86.75,4.97,0.51,6.0
18,2,2003,20.21,6.41,100.0,67.62,12.27,0.0,6.38
19,2,2003,20.5,8.73,99.37,64.13,11.74,0.0,5.0
20,2,2003,20.02,9.55,99.87,67.75,10.12,0.01,5.0
21,2,2003,17.72,10.57,100.0,71.75,6.47,0.02,6.63
22,2,2003,14.44,6.48,99.87,82.62,6.85,3.28,6.5
23,2,2003,13.41,5.28,99.87,79.12,6.09,0.37,6.0
24,2,2003,16.47,1.99,99.87,61.25,12.89,0.28,3.38
25,2,2003,17.03,10.63,100.0,83.75,6.02,0.33,4.0
26,2,2003,18.08,6.75,100.0,73.62,9.22,0.08,4.25
27,2,2003,19.71,4.95,100.0,67.37,11.91,0.1,5.25
28,2,2003,18.81,4.07,100.0,63.37,12.17,0.17,7.38
1,3,2003,13.31,7.03,100.0,91.37,4.01,0.5,3.0
2,3,2003,17.64,6.69,100.0,52.75,14.61,0.02,3.0
3,3,2003,16.64,5.46,97.75,71.38,12.4,5.56,1.5
4,3,2003,17.48,6.55,99.0,75.5,11.36,3.75,2.13
5,3,2003,18.3,5.19,100.0,70.88,14.06,3.64,5.5
6,3,2003,11.75,2.53,100.0,89.37,4.64,0.25,8.5
7,3,2003,11.4,5.75,100.0,93.37,1.54,5.36,11.75
8,3,2003,15.23,6.2,97.25,77.5,13.87,4.31,9.75
9,3,2003,17.65,6.05,88.87,53.5,16.0,0.0,6.38
10,3,2003,18.22,6.27,93.87,53.0,16.1,0.0,3.5
11,3,2003,18.71,7.8,94.5,56.75,15.53,0.07,5.63
12,3,2003,20.32,8.21,83.38,48.87,16.46,0.0,8.75
13,3,2003,19.99,9.06,76.37,48.37,14.6,0.0,6.63
14,3,2003,20.89,9.74,80.25,46.25,16.1,0.0,3.88
15,3,2003,21.61,7.26,99.0,52.0,16.84,0.0,4.0
16,3,2003,22.04,5.59,100.0,51.0,15.6,0.1,4.63
17,3,2003,20.5,5.7,99.62,50.37,17.43,0.0,6.5
18,3,2003,20.17,5.15,99.75,55.5,16.38,0.0,7.13
19,3,2003,19.12,3.9,100.0,56.5,15.81,0.08,6.38
20,3,2003,16.13,2.31,99.87,55.75,14.11,7.36,8.63
21,3,2003,13.65,6.62,98.25,69.12,12.65,7.46,12.25
22,3,2003,16.76,4.63,98.62,49.0,17.05,0.03,9.13
23,3,2003,14.99,9.28,99.12,91.25,1.88,8.98,8.0
24,3,2003,17.84,11.87,98.87,75.62,9.18,16.43,10.88
25,3,2003,17.16,13.6,97.75,85.0,6.39,7.21,9.0
26,3,2003,18.29,10.45,97.62,53.5,17.08,2.89,8.25
27,3,2003,16.79,7.47,91.5,47.37,18.36,0.0,3.38
28,3,2003,14.38,4.46,98.5,68.25,14.0,4.84,5.38
29,3,2003,16.66,3.6,89.37,37.38,19.61,0.0,7.63
30,3,2003,18.79,5.48,85.87,43.5,19.67,0.0,5.0
31,3,2003,18.79,5.48,85.87,43.5,19.67,0.0,5.0
1,4,2003,20.59,7.74,75.0,40.25,19.57,0.0,5.75
2,4,2003,15.26,8.25,99.75,76.25,6.76,6.14,8.13
3,4,2003,16.37,5.97,97.25,50.25,18.42,0.17,5.63
4,4,2003,17.09,3.18,99.87,54.5,17.39,0.33,3.25
5,4,2003,19.34,4.44,99.87,56.5,16.67,0.72,8.25
6,4,2003,15.94,8.0,98.75,87.87,4.54,20.81,11.5
7,4,2003,16.85,5.76,99.25,67.25,16.41,4.63,13.88
8,4,2003,13.4,10.18,94.0,58.0,2.42,2.41,11.5
9,4,2003,17.81,11.58,81.87,51.5,10.01,0.21,10.5
10,4,2003,18.69,11.22,83.88,59.75,16.43,0.72,9.13
11,4,2003,17.21,11.43,98.87,79.62,2.94,12.51,7.88
12,4,2003,20.26,12.7,98.37,61.25,14.77,4.62,8.63
13,4,2003,23.08,11.34,81.12,45.25,20.06,0.12,12.5
14,4,2003,23.37,12.17,74.62,42.62,21.51,0.0,12.63
15,4,2003,23.88,12.96,78.87,40.38,21.52,0.0,9.38
16,4,2003,24.84,13.43,91.5,49.88,20.71,0.02,6.88
17,4,2003,25.17,8.63,97.87,45.5,21.69,0.0,5.5
18,4,2003,22.77,7.75,79.25,33.88,22.85,0.0,4.63
19,4,2003,22.64,6.2,80.62,42.12,22.04,0.0,4.25
20,4,2003,23.79,7.75,92.75,43.12,22.15,0.0,5.0
21,4,2003,19.46,9.37,99.25,50.25,18.83,0.08,8.25
22,4,2003,18.04,6.57,87.37,44.37,22.63,0.0,7.13
23,4,2003,18.83,6.47,84.87,40.5,22.08,0.0,4.5
24,4,2003,16.21,7.51,89.75,51.0,9.32,0.02,5.63
25,4,2003,20.91,4.36,88.87,32.25,23.17,0.0,4.0
26,4,2003,21.81,7.18,78.25,30.75,23.21,0.0,6.25
27,4,2003,22.37,6.02,91.5,40.87,22.87,0.0,11.25
28,4,2003,21.12,9.39,66.75,29.87,23.6,0.0,14.0
29,4,2003,20.88,6.85,95.62,31.0,22.81,0.0,11.25
30,4,2003,18.16,9.3,99.25,67.87,9.68,0.13,8.0
1,5,2003,19.38,5.6,91.37,30.75,24.0,0.0,6.25
2,5,2003,18.52,5.91,95.75,42.5,21.16,0.05,5.13
3,5,2003,20.76,5.73,97.12,34.38,23.84,0.0,3.5
4,5,2003,23.97,7.97,95.12,36.62,23.73,0.0,4.88
5,5,2003,27.57,10.22,83.75,28.13,23.7,0.0,7.25
6,5,2003,28.1,14.46,60.87,28.37,22.52,0.56,8.63
7,5,2003,28.24,10.59,86.5,28.62,23.95,0.0,7.0
8,5,2003,23.05,9.9,97.25,39.37,24.06,0.0,5.25
9,5,2003,22.66,8.05,97.37,40.0,24.08,0.0,3.0
10,5,2003,22.89,7.03,98.87,40.25,24.21,0.0,5.88
11,5,2003,22.73,6.67,99.87,37.75,20.28,0.13,9.25
12,5,2003,18.52,13.01,98.87,88.75,5.63,7.29,9.0
13,5,2003,19.62,9.73,98.87,34.87,22.44,1.31,6.25
14,5,2003,23.49,7.21,95.37,34.0,24.81,0.0,2.13
15,5,2003,24.36,9.13,82.37,31.75,24.96,0.0,4.75
16,5,2003,23.9,7.27,97.75,33.75,24.95,0.0,4.75
17,5,2003,22.19,9.59,100.0,45.75,16.62,0.35,6.38
18,5,2003,19.39,8.94,98.25,38.87,21.81,0.43,6.63
19,5,2003,20.83,5.97,97.75,31.13,24.3,0.23,5.5
20,5,2003,21.48,3.91,99.62,31.13,23.03,0.01,4.5
21,5,2003,20.78,4.73,99.62,43.87,20.43,4.01,5.75
22,5,2003,20.79,9.84,99.5,41.12,21.64,0.23,6.88
23,5,2003,23.39,10.58,98.0,38.0,24.11,0.0,7.0
24,5,2003,24.49,10.17,96.88,41.25,25.11,0.0,7.75
25,5,2003,22.98,10.78,96.88,40.63,23.62,0.01,8.88
26,5,2003,26.24,9.59,96.75,26.37,25.66,0.0,8.5
27,5,2003,29.45,12.36,91.25,24.88,20.52,0.0,7.5
28,5,2003,23.92,12.37,97.12,39.5,25.39,0.0,6.0
29,5,2003,21.67,10.76,98.62,43.38,25.24,1.1,8.0
30,5,2003,22.72,10.72,97.5,38.87,25.49,0.03,6.25
31,5,2003,22.72,10.72,97.5,38.87,25.49,0.03,6.25
1,6,2003,24.99,8.97,99.5,33.75,25.09,0.0,4.75
2,6,2003,27.21,8.7,99.5,39.37,25.19,0.0,4.25
3,6,2003,26.03,12.08,99.12,35.75,22.6,0.06,4.88
4,6,2003,27.09,13.57,99.5,35.25,19.95,0.14,5.25
5,6,2003,30.11,11.41,98.87,41.75,24.8,0.0,4.5
6,6,2003,27.31,14.35,98.75,40.5,21.44,0.09,5.88
7,6,2003,29.05,12.32,97.12,21.75,25.46,0.0,7.88
8,6,2003,36.12,14.85,66.0,13.25,26.11,0.0,8.5
9,6,2003,33.76,17.14,67.62,21.25,25.62,0.0,6.38
10,6,2003,30.91,15.34,90.75,30.0,25.69,0.0,6.88
11,6,2003,32.53,13.72,97.0,21.0,25.95,0.0,8.0
12,6,2003,35.85,20.09,49.63,17.0,22.84,0.33,9.75
13,6,2003,35.82,18.12,62.75,16.88,25.6,0.0,9.75
14,6,2003,29.65,16.27,90.5,19.75,26.02,0.0,6.75
15,6,2003,25.79,14.48,93.5,27.75,26.25,0.0,8.25
16,6,2003,29.45,12.89,82.5,18.87,25.88,0.0,8.5
17,6,2003,32.6,14.45,87.87,24.0,25.74,0.0,9.63
18,6,2003,32.77,17.2,74.62,20.25,25.88,0.0,10.75
19,6,2003,33.13,17.02,74.87,21.0,25.73,0.0,10.5
20,6,2003,33.25,16.26,81.62,22.75,25.94,0.0,10.5
21,6,2003,27.43,14.21,88.5,21.5,25.77,0.0,8.75
22,6,2003,25.79,13.13,77.25,28.37,25.84,0.0,8.13
23,6,2003,29.0,13.09,80.62,22.37,25.94,0.0,9.75
24,6,2003,34.73,15.5,78.13,13.37,25.98,0.0,11.88
25,6,2003,40.39,19.82,37.62,7.5,26.19,0.0,11.63
26,6,2003,42.31,22.63,37.25,8.75,23.65,0.0,10.5
27,6,2003,34.19,17.29,66.5,15.38,25.94,0.0,10.75
28,6,2003,31.84,16.0,63.0,9.87,26.81,0.0,11.25
29,6,2003,34.1,17.61,33.88,6.12,26.64,0.0,12.25
30,6,2003,37.47,20.83,24.12,6.37,26.37,0.0,9.13
1,7,2003,39.06,15.93,39.0,9.12,25.98,0.0,9.88
2,7,2003,35.16,16.7,86.25,17.87,26.11,0.0,10.63
3,7,2003,29.74,15.12,91.62,27.38,25.65,0.0,8.0
4,7,2003,33.59,14.84,89.37,12.37,26.14,0.0,7.0
5,7,2003,34.61,16.05,73.25,13.12,26.03,0.0,8.88
6,7,2003,27.8,13.71,97.87,34.0,25.16,0.0,8.75
7,7,2003,27.96,15.16,97.87,37.75,17.64,0.36,8.38
8,7,2003,31.98,14.07,98.12,32.12,23.34,0.01,8.13
9,7,2003,36.58,16.84,79.75,19.0,25.21,0.0,8.5
10,7,2003,43.99,18.14,76.37,19.87,21.23,0.37,8.0
11,7,2003,38.48,19.31,67.25,18.63,25.01,0.47,7.38
12,7,2003,31.55,15.08,92.62,27.12,25.69,0.0,5.0
13,7,2003,35.18,13.59,81.37,16.12,25.63,0.0,6.38
14,7,2003,33.1,14.9,89.12,22.25,25.52,0.0,7.63
15,7,2003,30.39,15.78,95.25,27.38,24.36,0.0,7.63
16,7,2003,31.69,14.88,86.0,18.87,25.4,0.0,8.38
17,7,2003,34.48,16.39,89.0,19.37,25.14,0.0,8.5
18,7,2003,29.67,16.05,98.0,35.62,22.63,0.03,6.13
19,7,2003,32.92,14.68,97.75,24.0,24.79,0.0,4.38
20,7,2003,36.78,16.76,81.87,18.5,24.86,0.0,4.75
21,7,2003,32.61,14.63,95.75,21.75,24.99,0.0,5.88
22,7,2003,32.59,14.14,98.0,27.88,24.33,0.02,7.25
23,7,2003,27.91,15.95,100.0,43.12,16.49,0.67,7.25
24,7,2003,30.92,15.15,99.37,34.38,17.16,0.25,3.88
25,7,2003,32.88,15.58,96.5,28.62,24.27,0.0,3.5
26,7,2003,31.83,15.37,94.87,28.37,24.52,0.0,7.0
27,7,2003,32.48,15.55,92.87,23.62,24.66,0.0,9.0
28,7,2003,31.63,16.25,87.0,20.13,24.64,0.0,9.0
29,7,2003,28.2,14.32,97.12,26.5,24.43,0.0,8.38
30,7,2003,33.83,14.74,97.62,18.37,24.14,0.0,7.75
31,7,2003,33.83,14.74,97.62,18.37,24.14,0.0,7.75
1,8,2003,38.22,15.91,68.0,11.12,24.25,0.0,7.88
2,8,2003,31.78,16.87,95.62,32.0,23.82,0.0,6.25
3,8,2003,29.43,15.4,96.38,39.25,16.92,0.26,5.13
4,8,2003,30.79,15.08,98.37,31.37,21.43,0.09,5.5
5,8,2003,35.01,16.23,90.87,19.62,23.58,0.0,7.5
6,8,2003,40.95,17.43,51.75,11.5,23.36,0.0,9.5
7,8,2003,40.46,18.69,52.13,13.25,23.22,0.0,9.25
8,8,2003,41.16,21.28,44.37,12.5,21.61,0.98,7.38
9,8,2003,41.95,26.47,22.25,9.5,21.64,0.0,8.5
10,8,2003,42.13,25.64,17.87,7.25,23.2,0.0,8.38
11,8,2003,39.04,21.92,28.87,9.12,12.31,0.0,7.13
12,8,2003,39.41,16.7,75.5,10.25,22.88,0.0,6.5
13,8,2003,35.59,14.36,93.62,18.12,23.0,0.0,5.25
14,8,2003,32.56,14.23,100.0,26.12,21.73,0.02,4.0
15,8,2003,34.83,12.25,99.87,16.62,22.1,0.0,3.38
16,8,2003,36.11,17.96,81.25,21.12,22.32,0.0,3.88
17,8,2003,35.39,16.98,88.87,24.62,22.28,0.0,4.5
18,8,2003,37.64,16.61,94.75,20.75,21.81,0.0,5.38
19,8,2003,36.43,17.1,90.87,22.12,21.96,0.0,6.63
20,8,2003,33.95,15.82,97.62,26.62,21.93,0.0,6.25
21,8,2003,31.47,13.09,99.12,32.0,21.85,0.0,4.38
22,8,2003,29.58,15.42,99.12,39.0,14.24,0.33,2.75
23,8,2003,27.08,16.34,99.25,44.37,13.64,0.52,1.38
24,8,2003,30.6,16.64,98.5,30.5,19.97,0.05,3.25
25,8,2003,30.18,14.22,96.88,24.75,21.42,0.0,4.0
26,8,2003,28.8,13.92,99.12,28.87,15.31,0.2,2.5
27,8,2003,27.19,13.13,97.5,28.5,18.83,0.0,4.38
28,8,2003,28.95,8.89,99.37,33.37,20.56,0.0,4.5
29,8,2003,29.91,12.13,100.0,22.12,20.17,0.0,3.38
30,8,2003,30.23,13.48,91.62,20.13,19.4,0.0,5.0
31,8,2003,30.23,13.48,91.62,20.13,19.4,0.0,5.0
1,9,2003,31.42,16.99,79.37,21.5,17.52,0.0,9.75
2,9,2003,34.49,18.77,57.75,15.12,11.23,0.0,10.63
3,9,2003,32.41,16.23,85.0,16.12,20.54,0.0,9.75
4,9,2003,30.83,16.69,89.0,30.0,19.92,0.0,8.5
5,9,2003,33.66,15.43,72.12,13.0,20.51,0.0,9.25
6,9,2003,36.47,14.25,53.5,7.12,20.6,0.0,8.75
7,9,2003,30.43,14.7,85.62,19.12,20.16,0.0,8.5
8,9,2003,28.26,14.87,90.25,22.5,19.68,0.0,7.0
9,9,2003,29.66,14.14,85.12,18.75,19.7,0.0,6.38
10,9,2003,28.06,13.63,96.88,31.75,19.18,0.0,6.0
11,9,2003,25.8,12.88,96.75,34.87,19.08,0.0,5.88
12,9,2003,27.25,13.86,98.12,34.25,18.35,0.0,4.5
13,9,2003,27.73,15.28,99.0,39.75,12.99,0.13,3.75
14,9,2003,28.07,16.85,99.25,40.13,12.25,0.27,4.0
15,9,2003,28.08,15.06,73.0,28.87,16.62,0.0,3.88
16,9,2003,27.68,11.03,97.25,35.0,17.23,0.01,2.38
17,9,2003,28.37,12.08,96.75,32.5,17.36,0.0,5.0
18,9,2003,30.27,13.54,100.0,33.63,16.87,0.0,5.38
19,9,2003,30.66,14.03,100.0,32.5,16.89,0.01,7.25
20,9,2003,29.12,14.15,100.0,37.87,13.06,0.04,9.5
21,9,2003,21.69,17.13,99.37,85.62,10.79,10.6,8.5
22,9,2003,26.65,15.22,98.87,42.75,15.21,0.2,5.13
23,9,2003,26.95,12.06,100.0,44.5,11.7,0.09,1.38
24,9,2003,28.52,17.4,98.37,44.25,14.18,0.16,2.63
25,9,2003,30.14,15.09,86.37,9.0,17.07,0.0,2.0
26,9,2003,30.44,10.67,53.5,13.0,17.06,0.0,2.5
27,9,2003,32.5,11.26,63.12,10.5,16.76,0.0,3.88
28,9,2003,32.82,13.39,77.13,16.12,16.54,0.0,5.25
29,9,2003,34.45,13.11,82.62,12.87,16.31,0.0,7.0
30,9,2003,33.91,12.57,81.87,14.75,15.96,0.01,7.5
1,10,2003,32.6,11.23,89.25,13.63,15.73,0.04,6.63
2,10,2003,31.64,14.11,80.75,15.25,14.09,0.01,3.0
3,10,2003,28.68,10.49,98.87,32.5,14.27,0.02,2.38
4,10,2003,28.55,15.22,98.62,34.13,14.4,0.0,6.88
5,10,2003,25.36,13.63,89.75,29.0,15.14,0.0,6.5
6,10,2003,24.24,14.34,98.75,38.0,12.35,0.03,7.25
7,10,2003,24.66,12.01,97.12,35.37,14.57,0.0,5.88
8,10,2003,26.48,13.6,98.37,34.13,14.45,0.0,5.75
9,10,2003,26.29,13.31,97.62,38.87,14.34,0.0,7.5
10,10,2003,27.99,13.4,92.12,31.87,14.26,0.0,7.13
11,10,2003,28.66,12.67,94.37,26.75,14.15,0.0,6.88
12,10,2003,28.5,13.57,89.75,29.25,14.0,0.0,7.25
13,10,2003,30.28,15.37,73.37,20.5,13.74,0.0,7.13
14,10,2003,25.06,14.13,87.5,39.0,6.34,0.02,5.25
15,10,2003,20.04,10.5,100.0,64.38,7.91,6.45,7.5
16,10,2003,20.52,6.12,96.88,38.25,12.17,0.02,3.0
17,10,2003,22.9,7.26,98.0,39.25,12.17,0.0,6.25
18,10,2003,23.83,10.08,98.62,40.5,12.42,0.0,6.75
19,10,2003,24.57,12.21,99.62,49.25,10.79,1.76,3.25
20,10,2003,21.44,8.79,100.0,56.12,8.91,1.11,4.88
21,10,2003,22.61,8.93,97.25,33.0,12.78,0.0,3.63
22,10,2003,21.69,5.4,98.37,23.12,11.77,0.0,4.88
23,10,2003,25.64,5.96,69.62,15.5,11.7,0.0,6.75
24,10,2003,27.11,11.29,83.75,19.62,10.52,0.0,8.25
25,10,2003,20.36,11.13,99.62,75.12,4.88,8.33,8.25
26,10,2003,18.52,11.56,100.0,82.25,6.06,5.17,8.25
27,10,2003,18.46,10.69,99.25,96.63,0.88,20.81,9.88
28,10,2003,18.65,18.03,97.5,96.13,0.28,43.92,12.13
29,10,2003,18.65,14.82,96.13,75.87,8.86,3.06,11.25
30,10,2003,19.38,13.87,96.0,73.75,9.37,1.21,7.38
31,10,2003,19.38,13.87,96.0,73.75,9.37,1.21,7.38
1,11,2003,19.89,14.98,98.25,84.75,5.54,2.14,5.63
2,11,2003,18.72,12.6,97.25,93.5,2.32,14.08,9.63
3,11,2003,18.14,9.86,96.88,64.75,9.55,0.51,5.5
4,11,2003,18.25,8.47,99.5,66.12,9.66,0.0,2.5
5,11,2003,19.61,7.52,100.0,73.25,7.55,0.98,6.25
6,11,2003,18.4,17.03,99.75,95.87,0.57,20.34,7.38
7,11,2003,19.27,17.6,99.25,96.25,0.75,14.22,8.75
8,11,2003,18.14,10.09,98.75,62.62,10.14,0.0,4.88
9,11,2003,17.32,8.22,100.0,68.12,7.23,0.03,6.5
10,11,2003,18.38,7.52,99.75,80.37,8.35,0.62,5.63
11,11,2003,18.61,8.2,100.0,75.87,7.07,0.07,3.25
12,11,2003,19.35,10.77,100.0,77.13,6.57,0.03,2.38
13,11,2003,18.45,11.05,100.0,84.62,3.95,0.12,3.88
14,11,2003,20.2,9.38,100.0,75.62,9.44,0.01,7.38
15,11,2003,18.22,11.19,99.25,91.87,2.49,5.13,5.0
16,11,2003,17.51,7.28,100.0,75.5,8.37,0.03,2.38
17,11,2003,16.76,3.89,100.0,78.87,7.6,0.1,6.25
18,11,2003,17.97,9.03,100.0,87.87,3.75,8.78,5.25
19,11,2003,16.31,6.68,97.5,66.12,9.34,0.0,5.13
20,11,2003,17.91,7.29,89.37,55.5,8.7,0.0,5.88
21,11,2003,21.34,11.36,81.25,55.0,8.73,0.01,7.38
22,11,2003,20.11,14.73,99.25,61.87,4.8,3.15,8.0
23,11,2003,17.41,8.15,99.37,73.0,8.39,0.0,6.0
24,11,2003,17.25,9.43,99.25,94.87,1.3,0.97,5.5
25,11,2003,18.82,10.08,99.87,80.37,7.23,0.22,2.13
26,11,2003,17.61,7.01,100.0,82.62,7.03,0.1,5.5
27,11,2003,19.34,9.03,100.0,69.5,8.17,0.03,7.25
28,11,2003,20.29,7.97,100.0,66.87,7.38,0.1,6.0
29,11,2003,18.63,5.15,100.0,70.75,7.12,0.09,5.88
30,11,2003,18.79,5.41,99.0,61.87,8.11,0.0,4.63
1,12,2003,16.97,4.77,100.0,76.62,7.11,0.03,5.0
2,12,2003,14.41,7.32,95.87,55.25,8.14,0.0,9.25
3,12,2003,13.6,5.24,87.37,60.25,7.92,0.0,8.25
4,12,2003,16.17,6.01,99.37,74.75,7.0,0.16,6.0
5,12,2003,15.37,13.25,99.25,90.87,1.95,0.59,4.5
6,12,2003,14.31,10.25,100.0,90.75,2.43,0.37,4.88
7,12,2003,14.93,6.04,99.0,73.75,6.58,0.88,6.13
8,12,2003,15.5,2.03,100.0,75.62,7.35,0.34,4.13
9,12,2003,13.47,2.02,100.0,78.37,6.68,0.06,3.88
10,12,2003,12.5,4.57,98.12,87.75,1.18,14.62,11.38
11,12,2003,12.34,3.18,96.5,62.37,7.75,0.04,7.88
12,12,2003,11.02,0.21,97.5,58.0,7.82,0.0,5.0
13,12,2003,9.07,-0.09,98.75,82.75,1.91,1.4,6.13
14,12,2003,13.55,9.07,97.25,86.87,1.51,3.41,9.25
15,12,2003,17.6,12.03,86.75,59.38,5.18,0.04,4.38
16,12,2003,17.2,12.65,81.5,52.75,5.08,0.06,4.75
17,12,2003,14.26,11.17,82.62,62.5,2.7,0.3,8.5
18,12,2003,11.9,9.71,97.5,72.37,0.68,1.03,3.88
19,12,2003,14.31,5.37,100.0,82.87,5.11,0.03,3.25
20,12,2003,13.93,4.69,100.0,83.5,6.02,0.08,2.38
21,12,2003,15.17,3.92,100.0,82.62,5.89,0.98,6.88
22,12,2003,16.38,5.85,99.25,76.88,6.22,3.61,3.13
23,12,2003,14.3,2.86,100.0,73.75,6.45,0.07,6.63
24,12,2003,16.03,6.9,98.62,89.12,2.41,0.47,6.38
25,12,2003,17.0,8.5,100.0,85.25,4.86,0.12,2.63
26,12,2003,16.57,7.24,100.0,83.88,5.38,0.08,3.38
27,12,2003,15.2,9.83,100.0,93.12,2.4,0.37,3.25
28,12,2003,12.64,11.26,99.87,95.87,2.07,0.83,4.88
29,12,2003,16.24,3.62,100.0,79.37,6.17,0.06,6.0
30,12,2003,17.26,5.67,98.25,64.13,7.53,0.0,5.0
31,12,2003,17.26,5.67,98.25,64.13,7.53,0.0,5.0
